Start,End,Speaker,Text
0:00:00,0:00:03,Patricia,"But I'm going, because I didn't speak so much today."
0:00:08,0:00:09,Patricia,That's funny.
0:00:09,0:00:12,Patricia,It's OK.
0:00:12,0:00:17,Patricia,"Yes, so we have our visitor today here, Baird Hobbit."
0:00:17,0:00:21,Patricia,Would you like to say a little bit about your work?
0:00:21,0:00:24,Baird,"I'm in early childhood at Brooklyn College,"
0:00:24,0:00:28,Baird,and I teach at the Graduate Center in the Urban Ed
0:00:28,0:00:31,Baird,"Program, and this is the light to the city program."
0:00:31,0:00:34,Baird,"And I've read about it, so it was really fun to see it."
0:00:34,0:00:37,Baird,"And Patricia and I are both in the chat segment,"
0:00:37,0:00:40,Baird,"so we're sort of interested in it,"
0:00:40,0:00:43,Baird,even though we're in different practical fields.
0:00:43,0:00:46,Baird,"I'm in early childhood, but we have this overlap"
0:00:46,0:00:47,Baird,from our theory.
0:00:47,0:00:49,Baird,So thanks for having me.
0:00:49,0:00:53,Patricia,"Yeah, we both use cultural historical theory."
0:00:53,0:00:57,Patricia,"The Gaigoskian, you know about the activity systems."
0:00:57,0:00:59,Patricia,They're very familiar with the theory.
0:00:59,0:01:01,Patricia,Some of them used it for the inquiry project.
0:01:01,0:01:02,Baird,"Oh, wonderful."
0:01:02,0:01:05,Patricia,They do an inquiry project with the research studies.
0:01:05,0:01:06,Patricia,Right?
0:01:06,0:01:06,Patricia,Let me think.
0:01:06,0:01:10,Patricia,"No, Andrea, you used fans of identity."
0:01:10,0:01:13,Patricia,"Moises, you have a lot of work."
0:01:13,0:01:18,Patricia,"And yeah, Cristina also did identity."
0:01:18,0:01:20,Patricia,"Angela, what did you use?"
0:01:20,0:01:22,Patricia,"Literacy, you were in literacy, new literacy studies?"
0:01:22,0:01:25,Angela,"I did a lot of, well, not new literacy studies,"
0:01:25,0:01:30,Angela,"but focused on like translanguaging and literacy,"
0:01:30,0:01:33,Angela,"read-alouds, I used a very specific context."
0:01:33,0:01:34,Patricia,Okay.
0:01:34,0:01:36,Patricia,"Ah, yes, you were doing the,"
0:01:37,0:01:39,Patricia,they were reading the same book one day in Spanish
0:01:39,0:01:41,Patricia,"and one day in English, but the same book."
0:01:41,0:01:45,Angela,"Yeah, very interesting."
0:01:45,0:01:47,Patricia,"So, Ophelia, yes."
0:01:47,0:01:47,Patricia,"No, no."
0:01:47,0:01:49,Patricia,You're the only one.
0:01:49,0:01:52,Angela,"I did a lot of, there was this article"
0:01:52,0:01:54,Angela,"I did in the last week of spring,"
0:01:54,0:01:57,Angela,that they did in translanguaging as like a strategy
0:01:57,0:02:00,Angela,"in that book, so we referenced a lot of that."
0:02:02,0:02:06,Patricia,"So, you know, Beth has done a lot of work"
0:02:06,0:02:08,Patricia,"in cultural historical theory,"
0:02:08,0:02:12,Patricia,"and her work focuses on play, I would say."
0:02:12,0:02:13,Baird,I would say.
0:02:13,0:02:14,Patricia,It's all on play.
0:02:14,0:02:15,Patricia,Play and children.
0:02:15,0:02:18,Baird,"And identity development through play,"
0:02:18,0:02:21,Baird,"so a concept called Perjuvania,"
0:02:21,0:02:24,Baird,which is about the ways that your identity develops
0:02:24,0:02:27,Baird,at those moments when you hit like really hard
0:02:27,0:02:29,Baird,transitions in your life.
0:02:29,0:02:31,Baird,"But studying it through the,"
0:02:31,0:02:34,Baird,"with the children of the teachers of,"
0:02:34,0:02:37,Baird,"co-researchers of the idea of the play,"
0:02:37,0:02:41,Baird,"is that when you, if I get in costume and enter in the play"
0:02:41,0:02:44,Baird,"and then my students get in costume and enter,"
0:02:44,0:02:47,Baird,"and the teachers get in costume and enter,"
0:02:47,0:02:49,Baird,then we can communicate with the children
0:02:49,0:02:51,Baird,"to study a lot of different things,"
0:02:51,0:02:54,Baird,"and then the children can give us ideas about,"
0:02:54,0:02:57,Baird,"it's really participatory design research,"
0:02:57,0:03:00,Baird,so that the children are suggesting ways
0:03:00,0:03:02,Baird,that we could better study complicated things
0:03:02,0:03:04,Baird,like identity development.
0:03:04,0:03:06,Patricia,Very young children.
0:03:06,0:03:08,Patricia,This is early childhood.
0:03:08,0:03:10,Baird,"Yes, zero through seven."
0:03:10,0:03:11,Patricia,It's beautiful to see.
0:03:11,0:03:15,Patricia,I visited her program in Brooklyn.
0:03:16,0:03:19,Patricia,"It's play worlds, so the children are"
0:03:19,0:03:23,Patricia,"in these worlds playing and learning about their identity,"
0:03:23,0:03:25,Patricia,"and who they are, trying different identities."
0:03:25,0:03:27,Patricia,"They have this puppeteer that comes,"
0:03:27,0:03:29,Patricia,"facilitated, I think I told you about it."
0:03:29,0:03:30,Patricia,Oh yeah.
0:03:30,0:03:31,Patricia,It was Beth's program.
0:03:31,0:03:32,Baird,Okay.
0:03:32,0:03:35,Baird,"For all of my visits, Monday's at 9.40."
0:03:35,0:03:36,Patricia,It's really fun.
0:03:36,0:03:41,Baird,"And now we're, now we have a gnome and a fairy"
0:03:41,0:03:45,Baird,who are two teachers who visit the trees.
0:03:45,0:03:48,Baird,And we're very interested in bringing administration in
0:03:49,0:03:50,Baird,"because the more we bring administration in,"
0:03:50,0:03:52,Baird,"the more they'll fund us, right?"
0:03:52,0:03:56,Baird,So we invited the principal to the trees
0:03:56,0:03:57,Baird,and she put on a costume.
0:03:57,0:04:02,Baird,"It's in a public school, but a public school"
0:04:02,0:04:06,Baird,that's heavily influenced by Central Park East
0:04:06,0:04:08,Baird,"and the coalition schools, if you know that work,"
0:04:08,0:04:12,Baird,"so the performance-based assessment of the portfolios,"
0:04:12,0:04:15,Baird,"and for a long time, they did focus on the arts,"
0:04:15,0:04:18,Baird,and that they welcomed us in after they visited
0:04:19,0:04:20,Patricia,and they were very sweet with us.
0:04:20,0:04:22,Patricia,"It's a very, very progressive context,"
0:04:22,0:04:25,Patricia,so that helps in doing that kind of work.
0:04:25,0:04:26,Baird,"Exactly, it's necessary."
0:04:26,0:04:28,Baird,"Now, I searched many places,"
0:04:28,0:04:31,Baird,so there are not that many schools
0:04:31,0:04:34,Baird,that were interested in having their teachers
0:04:34,0:04:37,Baird,"be in costume for a good part of the year, so."
0:04:38,0:04:39,Baird,"And even where we are now,"
0:04:39,0:04:42,Baird,"we only do it for the kindergarten,"
0:04:42,0:04:44,Baird,"although in the Scandinavian countries,"
0:04:44,0:04:46,Baird,they do it the whole way through.
0:04:46,0:04:47,Patricia,"Yes, yes."
0:04:47,0:04:49,Patricia,We have a very different context here.
0:04:49,0:04:51,Patricia,We do work with the administration.
0:04:51,0:04:54,Patricia,"I mean, they give us access to the school"
0:04:54,0:04:56,Patricia,and we work with these wonderful teachers.
0:04:56,0:04:58,Patricia,"We have three in-service teachers, Jada."
0:04:59,0:05:02,Patricia,"Jada, fourth grade, third grade."
0:05:02,0:05:03,Jada,"At this year, third grade."
0:05:03,0:05:04,Patricia,What grade are you in?
0:05:04,0:05:04,Jada,"In the last year, fourth grade, yeah."
0:05:04,0:05:07,Patricia,"In the, yes, in the third grade classroom."
0:05:07,0:05:09,Patricia,"In the ICT classroom, so she works"
0:05:09,0:05:11,Patricia,with two teachers co-teaching.
0:05:11,0:05:13,Patricia,"We have children with disabilities in the classroom,"
0:05:13,0:05:15,Patricia,and this is her classroom.
0:05:15,0:05:17,None,So great that you put in extra time.
0:05:17,0:05:21,Baird,It's such a gift from the teachers who work all day
0:05:21,0:05:22,Baird,and then put time and time in this.
0:05:22,0:05:24,Baird,We're so lucky to have them.
0:05:24,0:05:27,Patricia,"Paulina, who you met before in second grade."
0:05:27,0:05:28,Paulina,I do second ICT.
0:05:28,0:05:30,Paulina,"I was trying to bring some joy,"
0:05:30,0:05:34,Paulina,"because I always say, I feel like the lower grades"
0:05:34,0:05:39,Paulina,"have been losing the joy so much, the bigger,"
0:05:39,0:05:42,Paulina,and I feel like we're asking more and more
0:05:42,0:05:42,Paulina,of the little ones.
0:05:43,0:05:47,Paulina,Even their hands are not ready for what we're asking them
0:05:47,0:05:50,Paulina,"to do, so it's like a battle that way."
0:05:50,0:05:50,Baird,That's it.
0:05:50,0:05:55,Baird,Do you know the Association for the Study of Playing?
0:05:55,0:05:57,Baird,"It's an international conference,"
0:05:57,0:06:00,Baird,"I don't know if you're in Manhattan next month,"
0:06:00,0:06:04,Baird,"but they have, you can go almost for free as a teacher,"
0:06:04,0:06:06,Baird,and a lot of it's about that schoolification.
0:06:06,0:06:07,Baird,It's very interesting.
0:06:07,0:06:08,Paulina,Where is it?
0:06:08,0:06:09,Baird,I think it's at VMS.
0:06:09,0:06:11,Baird,"If you see this here, you'll have to look it up."
0:06:11,0:06:13,Patricia,The Association for the Study of Playing.
0:06:13,0:06:14,Patricia,Yeah.
0:06:14,0:06:15,Patricia,Sounds fantastic.
0:06:15,0:06:18,Paulina,"I want it, because it's not easy to be in New York."
0:06:18,0:06:21,Baird,Your last time I've been here by was like 10 years ago.
0:06:21,0:06:22,Patricia,We just work in very different worlds.
0:06:22,0:06:25,Patricia,"Like I was in a meeting this morning for,"
0:06:25,0:06:28,Patricia,"I'm becoming the editor of Exception for Children,"
0:06:28,0:06:29,Patricia,another journal.
0:06:29,0:06:30,Patricia,"Yeah, yeah, wonderful."
0:06:30,0:06:33,Patricia,"And the people that were meeting with us,"
0:06:33,0:06:37,Patricia,"they were like, well, someone sent us a paper on origami,"
0:06:37,0:06:40,Patricia,"and another sent us a paper on tennis table (lol),"
0:06:40,0:06:42,Patricia,"and we had to reject, because what does this have to do"
0:06:42,0:06:43,Patricia,with learning?
0:06:43,0:06:45,Patricia,"And I was like, well, we do origami, too."
0:06:45,0:06:46,Patricia,We might do origami.
0:06:46,0:06:46,Joe,Yeah.
0:06:46,0:06:49,Patricia,"Like, you know, the only value."
0:06:49,0:06:50,Patricia,"Geography, right?"
0:06:50,0:06:53,Patricia,"The only value quantitative, basically, historically,"
0:06:53,0:06:55,Patricia,this journal and the field of special education
0:06:55,0:06:58,Patricia,"is quantitative reading levels,"
0:06:58,0:07:02,Patricia,and the very instrumental knowledge.
0:07:02,0:07:02,Patricia,So unfortunately.
0:07:02,0:07:05,Paulina,"It's all very data-driven, which is fine."
0:07:05,0:07:07,Paulina,"You know, you need to follow your teaching somehow."
0:07:07,0:07:10,Paulina,"But like, you know, you can still measure other things,"
0:07:10,0:07:14,Paulina,"or you know, have other ways of communicating,"
0:07:14,0:07:17,Paulina,"you know, reading, rather than just, you know,"
0:07:17,0:07:18,Paulina,writing a paragraph.
0:07:18,0:07:21,Patricia,"In this school, the main principal,"
0:07:21,0:07:23,Patricia,"there's one principal for everything,"
0:07:23,0:07:25,Patricia,and then there are many assistant principals
0:07:25,0:07:26,Patricia,in a very large school.
0:07:26,0:07:27,Paulina,There's four APs.
0:07:27,0:07:28,Patricia,Four APs.
0:07:28,0:07:32,Patricia,And the main principal is very data-driven.
0:07:32,0:07:35,Patricia,"I mean, when you talk to him, it's,"
0:07:35,0:07:37,Patricia,"we want to take, like, oh, ""what's the data?"""
0:07:37,0:07:38,Patricia,we're having so much fun in the program.
0:07:38,0:07:39,Patricia,"This is what the children are doing,"
0:07:39,0:07:41,Patricia,"and this is what they're saying,"
0:07:41,0:07:42,Patricia,"and they are like, do you have some data?"
0:07:42,0:07:44,Patricia,And they would take this data.
0:07:44,0:07:47,Patricia,"Like, the conversations were very fast."
0:07:47,0:07:49,Paulina,"It's interesting, though, because he's like a big kid."
0:07:49,0:07:51,Paulina,"Like, he's the first one to show up in his house"
0:07:51,0:07:52,Paulina,for Pajama Day.
0:07:52,0:07:55,Paulina,"My son, which is the lower, lower grades,"
0:07:55,0:07:56,Paulina,"like, she doesn't dress up."
0:07:56,0:07:58,Paulina,She will not let us dress up.
0:07:58,0:08:01,Paulina,"Like, she will, like, is like cutting."
0:08:01,0:08:02,Paulina,"Word, word, work."
0:08:02,0:08:03,Paulina,Cutting the journal.
0:08:03,0:08:06,Patricia,"Especially post-pandemic, I think things are,"
0:08:06,0:08:10,Patricia,"you know, people are in panic mode with the loss,"
0:08:10,0:08:13,Patricia,"learning, especially with the advanced humanities."
0:08:14,0:08:19,Patricia,"And our last, next teacher, in-service teacher is Hannah."
0:08:19,0:08:20,Patricia,"Hannah is, what do you call it?"
0:08:20,0:08:23,Hannah,"Yeah, I'm a kindergarten and ICT teacher."
0:08:23,0:08:25,Patricia,"So, also working in a classroom."
0:08:25,0:08:27,Patricia,"The three of them are in ICT classrooms,"
0:08:27,0:08:29,Patricia,so with children with disability.
0:08:29,0:08:32,Patricia,"Some of the children we have here are from their classes,"
0:08:32,0:08:34,Patricia,so they recommend the children.
0:08:34,0:08:36,Patricia,"Then other teachers hear about the program,"
0:08:36,0:08:39,Patricia,"or children tell the other children,"
0:08:39,0:08:40,Patricia,and they want to sign up.
0:08:40,0:08:43,Patricia,"So we had some children that left,"
0:08:43,0:08:45,Patricia,some children that joined.
0:08:45,0:08:46,Patricia,There's some fluidity.
0:08:47,0:08:48,Patricia,The teachers remain.
0:08:50,0:08:51,Patricia,From the beginning to the end.
0:08:51,0:08:55,Patricia,And then all the others are graduate students
0:08:55,0:08:59,Patricia,from Teachers College who are doing full-time teaching.
0:08:59,0:09:01,Patricia,"Almost full-time student teaching, some of them."
0:09:01,0:09:03,Patricia,"So they do student teaching also during the day,"
0:09:03,0:09:04,Patricia,some of them.
0:09:04,0:09:08,Patricia,"Like Angela, Andrea, and Cristina"
0:09:08,0:09:11,Patricia,are doing student teaching three times and a half.
0:09:11,0:09:15,Patricia,"Three days and a half, during the day and then."
0:09:15,0:09:16,Patricia,"Four, really."
0:09:16,0:09:19,Patricia,The two of them in this school.
0:09:19,0:09:21,Patricia,You wanna say a little bit about yourself?
0:09:23,0:09:25,Cristina,To those of you. Sure.
0:09:25,0:09:27,Cristina,I'm Cristina.
0:09:27,0:09:29,Cristina,Right now I'm student teaching across the hall
0:09:29,0:09:30,Cristina,in the fourth grade ICT classroom.
0:09:32,0:09:37,Cristina,I'm in my last year of the master's in bilingual education.
0:09:38,0:09:39,Cristina,So you took it as a graduation?
0:09:41,0:09:42,Patricia,In a month.
0:09:42,0:09:44,Patricia,"Yeah, and I don't know what else."
0:09:45,0:09:47,Patricia,"You're originally, your family is?"
0:09:47,0:09:49,Cristina,"My family's Cuban, yeah."
0:09:49,0:09:52,Cristina,"I grew up in Washington, D.C."
0:09:52,0:09:53,Cristina,My family's Cuban.
0:09:55,0:09:56,Andrea,I am Andrea.
0:09:57,0:10:00,Andrea,I'm also student teaching here in the classroom
0:10:00,0:10:03,Andrea,"that we were before, fourth grade."
0:10:04,0:10:08,Andrea,"I'm also in my past, I missed the master's."
0:10:08,0:10:10,Andrea,So it's Cristina and Angela.
0:10:10,0:10:12,Andrea,I am from Ecuador.
0:10:12,0:10:14,Andrea,I grew up in Ecuador. And...
0:10:16,0:10:18,Patricia,Good.
0:10:18,0:10:18,Patricia,"Thank you, Andrea."
0:10:18,0:10:19,Andrea,I made good lunches.
0:10:19,0:10:23,Patricia,And they're working towards the childhood
0:10:23,0:10:25,Patricia,and bilingual extensions.
0:10:25,0:10:29,Patricia,To teach in bilingual elementary classrooms.
0:10:29,0:10:31,Patricia,"Are you doing the middle school extension, anybody?"
0:10:31,0:10:32,Group,No.
0:10:32,0:10:32,Group,No.
0:10:32,0:10:33,Patricia,It's busy.
0:10:33,0:10:34,Patricia,"Too many days, yeah."
0:10:34,0:10:36,Baird,Do you know where you need to fit anything else?
0:10:36,0:10:39,Baird,Do you have a doctorate?
0:10:39,0:10:40,Belén,"No, all master's."
0:10:42,0:10:44,Patricia,Belén's in EDM.
0:10:44,0:10:46,Patricia,EDM.
0:10:46,0:10:49,Patricia,"Educational master's, so kind of in between master's"
0:10:49,0:10:51,Patricia,and a doctorate work.
0:10:51,0:10:53,Patricia,Manuel's applying to doctoral programs right now.
0:10:53,0:10:56,Patricia,"Manuel is different, he comes from a different program."
0:10:56,0:10:57,Patricia,The psychology.
0:10:57,0:10:59,Manuel,The clinical psychology program.
0:10:59,0:11:00,Baird,"Okay, okay."
0:11:01,0:11:02,Manuel,"But yeah, I found it interesting to come in"
0:11:02,0:11:03,Manuel,and work with the kids.
0:11:03,0:11:06,Manuel,"And since I also want to work with Hispanic teenagers,"
0:11:06,0:11:08,Manuel,"youth, and et cetera, for my own research,"
0:11:08,0:11:10,Manuel,then I thought it would be interesting
0:11:10,0:11:11,Manuel,to come and work here.
0:11:11,0:11:15,Manuel,"And yeah, other than that, I'm from Puerto Rico."
0:11:15,0:11:16,Patricia,What did you mean from Puerto Rico?
0:11:16,0:11:18,Patricia,We have such a diversity here.
0:11:18,0:11:19,Patricia,He's great.
0:11:19,0:11:22,Patricia,Expertise from all these different countries.
0:11:22,0:11:24,Patricia,"Caribbean, Latin America, Europe."
0:11:25,0:11:28,None,I've read a message about our manager.
0:11:28,0:11:30,None,"Oh, no, you did what?"
0:11:30,0:11:33,Patricia,I don't know anything about it.
0:11:33,0:11:37,Patricia,"But the level of work, yes, but she's a doctor."
0:11:37,0:11:39,Patricia,"Yeah, they're doing a lot of research."
0:11:39,0:11:40,Patricia,Very theoretical work.
0:11:40,0:11:43,Patricia,"Well, and Andrea was with me at ARA."
0:11:43,0:11:45,Patricia,We have a paper at ARA.
0:11:45,0:11:47,Patricia,"We all went to, many of the teachers here"
0:11:47,0:11:49,Patricia,went to NYSAVE.
0:11:49,0:11:52,Patricia,"With Belinda and me, we had a paper together"
0:11:52,0:11:53,Patricia,for NYSAVE.
0:11:53,0:11:56,Patricia,"We're finishing the paper, but we had a presentation."
0:11:56,0:11:57,Patricia,"That was fun, no?"
0:11:57,0:11:58,Group,Yeah.
0:11:58,0:12:00,Patricia,NYSAVE experience.
0:12:01,0:12:03,Patricia,Belén is from Chile.
0:12:04,0:12:07,Belén,"Yeah, I'm also finishing this year."
0:12:07,0:12:10,Patricia,"The EDM, finishing her inquiry project right now."
0:12:10,0:12:11,Patricia,Yeah.
0:12:11,0:12:12,Patricia,EP project.
0:12:12,0:12:15,Baird,"Yeah, I'm doing my project on reflective practices."
0:12:15,0:12:17,Baird,Reflective practices.
0:12:17,0:12:18,Belén,Yes.
0:12:18,0:12:19,Belén,And all the day.
0:12:22,0:12:24,Patricia,"Yeah, she works as a technologist at Teachers college,"
0:12:24,0:12:27,Patricia,"so she brings that expertise, the technology."
0:12:27,0:12:28,Patricia,Yeah.
0:12:28,0:12:29,Patricia,Expertise.
0:12:29,0:12:32,Patricia,"Both her husband and her are educators,"
0:12:32,0:12:35,Patricia,so we're very lucky to have them.
0:12:35,0:12:36,None,"Yes, a lot of intense discussion,"
0:12:36,0:12:39,Patricia,"so education, of course."
0:12:39,0:12:42,Patricia,"He's helped us a lot, mutually."
0:12:42,0:12:44,Patricia,"Angela, do you want to say hello?"
0:12:44,0:12:46,Angela,"Yes, I mean, we follow your,"
0:12:47,0:12:50,Angela,"I mean, because the kids were showing."
0:12:50,0:12:53,Angela,"And yeah, I'm in the same program."
0:12:53,0:12:56,Angela,"This semester, I'm at Castlebridge School."
0:12:56,0:13:00,Baird,"Oh, I know, because that's where I took my school."
0:13:00,0:13:01,Baird,"The Brooklyn, yeah."
0:13:01,0:13:01,Angela,Do you need to go on this?
0:13:01,0:13:05,Angela,"I saw one of the teachers who used to work at Castlebridge,"
0:13:05,0:13:06,Angela,"and he works extensively at this,"
0:13:06,0:13:09,Angela,"but I think he's retired, but his children went to the same."
0:13:09,0:13:13,Angela,"He's a very, another man, he told me"
0:13:13,0:13:16,Angela,that they've learned how to ride bicycles
0:13:16,0:13:18,Angela,in the hallway at the school.
0:13:18,0:13:19,Baird,Is that false?
0:13:19,0:13:21,Baird,"Look, the retired, the principal recently left"
0:13:21,0:13:22,Baird,after being here for a long time.
0:13:22,0:13:24,Baird,"Yes, she retired a year or two ago."
0:13:24,0:13:27,Baird,"Yeah, Anna Allenbrook, and she really loves the bicycles,"
0:13:27,0:13:29,Baird,so she got bicycles for everyone.
0:13:29,0:13:33,Baird,"And they got the street in front, so they taught everyone."
0:13:33,0:13:36,Baird,They ride their bicycles at recess at Hammersmith Park.
0:13:36,0:13:38,Angela,"Yeah, their bicycles, I heard at Castlebridge,"
0:13:38,0:13:39,Angela,were you not?
0:13:39,0:13:41,Patricia,"Yeah, and they went swinging every week."
0:13:41,0:13:43,Baird,"Yeah, that's for Brooklyn Bicycles, too."
0:13:43,0:13:44,Baird,"Yeah, we were going swimming."
0:13:44,0:13:45,Baird,Ice skating.
0:13:48,0:13:50,Angela,"Yeah, and so it's been a lot of learning,"
0:13:50,0:13:54,Angela,because it's such a different type of curriculum.
0:13:55,0:13:58,Angela,A lot of stuff we've kind of been experimenting here.
0:13:58,0:14:03,Angela,"And yeah, it's been very interesting to be in that context."
0:14:04,0:14:07,Patricia,"Yeah, Castlebridge, you walk from Castlebridge."
0:14:07,0:14:09,Patricia,"It's also nearby, before we got excluded."
0:14:09,0:14:11,Patricia,15 minute walk.
0:14:11,0:14:12,Baird,"Yeah, yeah, 15 minutes or so."
0:14:13,0:14:15,Baird,"I've never visited, I've just heard so much about it"
0:14:15,0:14:17,Baird,"from Brooklyn Musical, and I keep attempting to visit."
0:14:17,0:14:19,Patricia,"Yeah, Angela knows a lot about the community."
0:14:19,0:14:20,Patricia,She was one.
0:14:20,0:14:23,Angela,"Apparently, they used to do some acting and play work."
0:14:23,0:14:26,Angela,"Yeah, I think they've stopped, like with the pandemic,"
0:14:26,0:14:27,Angela,coming back from the pandemic.
0:14:27,0:14:31,Angela,"I don't know, probably a few soft plays and all that."
0:14:31,0:14:34,Paulina,"No, because they have the community singing."
0:14:34,0:14:36,Paulina,"Every Monday, everybody joined to sing in the cafeteria."
0:14:36,0:14:39,Paulina,"So as parents and families, like drop off the children,"
0:14:39,0:14:42,Paulina,"everybody stayed, and the music teacher brought the keyboard"
0:14:42,0:14:44,Paulina,and everybody projected the lyrics of the songs.
0:14:44,0:14:46,Paulina,"Some kids were playing instruments,"
0:14:46,0:14:49,Paulina,and everybody sang K through fifth.
0:14:50,0:14:51,Angela,That still happens.
0:14:51,0:14:54,Angela,"But I think in the kindergarten and first grade classes,"
0:14:54,0:14:56,Angela,they used to have acting and play theater.
0:14:56,0:14:58,Paulina,"Oh yeah, I was in fourth, fifth."
0:14:58,0:15:01,Paulina,"I was in the fourth, fifth grade."
0:15:01,0:15:03,Angela,"So, but I don't see it anymore."
0:15:03,0:15:07,Paulina,"But there's certainly the progressive schools nearby,"
0:15:07,0:15:08,Paulina,"and that of the bilingual schools,"
0:15:08,0:15:11,Paulina,like they're the most progressive.
0:15:11,0:15:14,Patricia,"Yeah, the bilingual schools tend to be more traditional."
0:15:14,0:15:17,Patricia,I think it's the only bilingual school that is progressive.
0:15:18,0:15:21,Patricia,"Julie was more in the progressive side,"
0:15:21,0:15:24,Patricia,"but the funding, there was a lot of funding"
0:15:24,0:15:27,Patricia,"for bilingual schools, so she embraced bilingualism."
0:15:27,0:15:29,Paulina,"So she came from CPE, CPE's"
0:15:29,0:15:30,Paulina,"Yeah, from Central Park."
0:15:30,0:15:31,Baird,"That's a progressive, yes."
0:15:33,0:15:34,Patricia,She's great.
0:15:34,0:15:36,Patricia,She presented at my Saturday.
0:15:36,0:15:38,Patricia,"This year, they invited her."
0:15:38,0:15:40,Patricia,She was one of the keynotes.
0:15:40,0:15:41,Patricia,The day before we were there.
0:15:41,0:15:42,Paulina,"Oh, because, yeah."
0:15:44,0:15:45,Patricia,And Joe?
0:15:45,0:15:46,Joe,"Hi, I'm Joe."
0:15:47,0:15:49,Joe,I'm from Massachusetts originally.
0:15:50,0:15:51,Joe,"The unicorn, you know."
0:15:51,0:15:52,Joe,"Yeah, I mean."
0:15:52,0:15:53,Joe,Yeah.
0:15:53,0:15:57,Joe,"I started learning Spanish in second grade,"
0:15:58,0:15:59,Joe,"stopped studying in college,"
0:15:59,0:16:01,Joe,but now it's all coming back to me.
0:16:02,0:16:05,Joe,"I taught in Manchester, New Hampshire last year"
0:16:05,0:16:07,Joe,"as a city year, as an assistant teacher."
0:16:08,0:16:10,Joe,That was a pretty bilingual setting.
0:16:11,0:16:13,Joe,"Here, I'm in the art ed program,"
0:16:13,0:16:15,Joe,finishing my first year in my master's. What else...
0:16:19,0:16:21,Patricia,"He likes to experiment with technology,"
0:16:21,0:16:22,Patricia,like arts and technology.
0:16:22,0:16:23,Patricia,Yeah.
0:16:23,0:16:24,Patricia,A lot.
0:16:24,0:16:25,Patricia,That's my focus.
0:16:25,0:16:26,Angela,It's been a great asset.
0:16:26,0:16:28,Angela,The kids really love Joe.
0:16:28,0:16:29,Angela,Yeah.
0:16:29,0:16:29,Joe,"I mean, they love all of us, but."
0:16:29,0:16:31,Angela,"No, he's the fan favorite."
0:16:31,0:16:33,Joe,"Did you hear today, when we said"
0:16:33,0:16:34,Joe,"we only have four sessions left,"
0:16:34,0:16:36,Joe,"Isabel turned to me, I know she was just messing with me,"
0:16:36,0:16:40,Joe,"but she was like, the only one I'm gonna miss here is Joe."
0:16:40,0:16:41,Joe,"I was like, what did you just say?"
0:16:41,0:16:42,Cristina,"She was like, I'm so excited for fifth grade"
0:16:42,0:16:43,Cristina,when I don't see you anymore.
0:16:43,0:16:45,Cristina,"I was like, thanks Isabel, that makes me feel so good."
0:16:45,0:16:46,Cristina,"And she was like, I know."
0:16:46,0:16:48,Cristina,"Although, never mind, you never know."
0:16:48,0:16:52,Cristina,"Yeah, you never know when I'm gonna come back around."
0:16:52,0:16:53,Paulina,You may see me your teacher next year.
0:16:53,0:16:54,Paulina,"Yeah, yeah, yeah."
0:16:54,0:16:55,Cristina,You may see me every day.
0:16:55,0:16:56,Andrea,Yeah.
0:16:57,0:17:00,Patricia,"Yeah, so very interesting today."
0:17:00,0:17:02,Patricia,"I know it feels rushed, right?"
0:17:02,0:17:04,Patricia,"Because we're trying to move the children forward,"
0:17:04,0:17:06,Patricia,"but they need so much support, I think."
0:17:06,0:17:08,Patricia,Almost one on one.
0:17:08,0:17:11,Patricia,Part of it is that they're using our phones.
0:17:11,0:17:15,Patricia,"And I was using Belén's phone with Isabela,"
0:17:15,0:17:17,Patricia,"and then Belén left, and the phone kept,"
0:17:17,0:17:20,Patricia,"because Isabela was dropping the phone,"
0:17:20,0:17:21,Patricia,"and this and that, so it kept locking."
0:17:21,0:17:24,Patricia,So I was looking for Belén all over the place.
0:17:24,0:17:26,Patricia,"And then I shake the phone too much,"
0:17:26,0:17:27,Patricia,"and it was like calling the police,"
0:17:27,0:17:28,Patricia,"and like, oh my God, no."
0:17:28,0:17:29,Patricia,No.
0:17:29,0:17:33,Patricia,"Like, it must be an alarm that it has an abused shape."
0:17:33,0:17:33,Paulina,Yeah.
0:17:33,0:17:35,Paulina,I think five times or so.
0:17:35,0:17:36,Joe,"Oh, yeah."
0:17:36,0:17:37,Joe,It activates like an emergency power.
0:17:37,0:17:38,Joe,"It might have also been the tripod,"
0:17:38,0:17:40,Joe,because if you hold both the power
0:17:40,0:17:41,Joe,"and the volume button for a long time,"
0:17:41,0:17:44,Joe,"like the way that it's grabbed the phone,"
0:17:44,0:17:44,Joe,it helps.
0:17:44,0:17:46,Belén,"Yeah, yeah."
0:17:46,0:17:48,Belén,"And she was trying to use the,"
0:17:48,0:17:50,Belén,"because they have a remote control,"
0:17:50,0:17:54,Belén,"so she was, she wastes a lot of time doing that."
0:17:54,0:17:56,Belén,"Instead of just pressing with the finger,"
0:17:56,0:17:58,Belén,she wanted to use the remote control.
0:17:59,0:18:01,Joe,The tripods come with a remote control.
0:18:01,0:18:03,Cristina,Oh.
0:18:03,0:18:04,Patricia,Yeah.
0:18:06,0:18:08,Patricia,It could be a learning experience in itself
0:18:08,0:18:10,Patricia,if we were to have the time to explore
0:18:10,0:18:12,Patricia,"how to use these remotes,"
0:18:12,0:18:15,Patricia,because all the tripods came with these remotes.
0:18:15,0:18:18,Belén,I was not sure if the battery was working
0:18:18,0:18:20,Belén,or was well positioned.
0:18:20,0:18:23,Patricia,Apparently we have to download something.
0:18:23,0:18:23,Patricia,Absolutely.
0:18:23,0:18:26,Belén,"It didn't, because it has like a little light."
0:18:26,0:18:28,Patricia,"Yeah, you can turn it on."
0:18:28,0:18:29,Patricia,"But with that, it didn't work."
0:18:29,0:18:31,Patricia,I think you have to download.
0:18:31,0:18:32,Joe,"Yeah, they give you to download an app"
0:18:32,0:18:33,Joe,"to connect it, or I don't know."
0:18:33,0:18:35,Cristina,"I think I read that you have to download something,"
0:18:35,0:18:37,Cristina,but I also think it works through Bluetooth.
0:18:37,0:18:38,Joe,Yeah.
0:18:38,0:18:39,Cristina,Right?
0:18:39,0:18:41,Patricia,So we might have to connect it through Bluetooth.
0:18:41,0:18:46,Angela,"But I think it takes, I hid it purposely last week."
0:18:47,0:18:49,Angela,Because I just.
0:18:49,0:18:50,Joe,"Well, you got the remote to work?"
0:18:50,0:18:51,Joe,"No, no, I just hid it."
0:18:51,0:18:52,Patricia,"No, because they might."
0:18:52,0:18:53,Joe,"Yeah, yeah, yeah."
0:18:53,0:18:55,Patricia,Isabella focused on the remote.
0:18:55,0:18:57,Joe,"Yeah, she went and found it in the box."
0:18:57,0:18:58,Joe,We didn't give it to her.
0:18:58,0:19:00,Joe,She went and put it in the boxes.
0:19:00,0:19:03,Patricia,"It's this balance of following what they want,"
0:19:03,0:19:07,Patricia,"but at the same time getting a little movie done,"
0:19:07,0:19:09,Patricia,because we want them to have something to showcase
0:19:09,0:19:11,Patricia,to their family when they come.
0:19:11,0:19:16,Cristina,"Yeah, on that note, I did spend the entire time"
0:19:16,0:19:20,Cristina,"with Jeremy, we didn't do a single thing for the animation."
0:19:21,0:19:25,Cristina,"But I think that it was worthwhile,"
0:19:25,0:19:27,Cristina,because he was really interested in books.
0:19:28,0:19:31,Cristina,"Like, I've never seen this kid before,"
0:19:31,0:19:34,Cristina,like express that much interest in books before.
0:19:36,0:19:37,Cristina,"He was trying to read books in English,"
0:19:37,0:19:39,Cristina,and he had me translating them.
0:19:39,0:19:40,Cristina,So I read aloud an entire book
0:19:40,0:19:42,Cristina,"that had been written in English,"
0:19:42,0:19:44,Cristina,and I just was translating on the spot.
0:19:44,0:19:45,Patricia,Jeremy?!
0:19:45,0:19:48,Cristina,"Yeah, I donated a very good job of translating it."
0:19:48,0:19:49,Cristina,But he helped me a little bit.
0:19:49,0:19:53,Cristina,"And then he started talking about outer space,"
0:19:53,0:19:55,Cristina,"and the sun, and he was telling me"
0:19:55,0:19:58,Cristina,"that there's such thing as a blue sun,"
0:19:58,0:20:00,Cristina,"it's like a bigger, and so we looked it up,"
0:20:00,0:20:04,Cristina,"it is a real thing, that there's these super suns"
0:20:04,0:20:05,Cristina,that are blue.
0:20:06,0:20:07,Cristina,"So we were learning about that,"
0:20:07,0:20:10,Cristina,"and then we read, he started reading to me"
0:20:10,0:20:12,Cristina,one of the non-fiction science books
0:20:12,0:20:14,Cristina,about the solar system.
0:20:15,0:20:16,Cristina,It was lovely.
0:20:18,0:20:21,Cristina,I had never seen him sit and read for that long before.
0:20:21,0:20:22,Cristina,It was great.
0:20:22,0:20:23,?,That can be his movie.
0:20:23,0:20:25,Paulina,"Yeah, could we make a movie of that?"
0:20:25,0:20:26,Joe,A big blue star.
0:20:26,0:20:27,Joe,A big blue star.
0:20:27,0:20:28,Patricia,Yeah.
0:20:28,0:20:31,Patricia,That or photographs of him reading.
0:20:31,0:20:31,Cristina,Yes.
0:20:31,0:20:32,Patricia,And we do the little movie
0:20:32,0:20:34,Patricia,would be his photographs reading.
0:20:34,0:20:34,Patricia,Photos reading.
0:20:34,0:20:37,Patricia,We can be creative and do something different.
0:20:38,0:20:40,Patricia,"I mean, yeah, we could do the blue moon."
0:20:40,0:20:41,Joe,I like the blue moon.
0:20:41,0:20:43,Joe,"I don't want to give him the idea,"
0:20:43,0:20:43,Joe,no matter what. He has to come up with it.
0:20:43,0:20:46,Angela,On YouTube he was searching.
0:20:46,0:20:47,Angela,He watches a lot of YouTube videos.
0:20:47,0:20:50,Cristina,"Yeah, he must have found some of them on YouTube."
0:20:50,0:20:51,Cristina,"I was like, I didn't know that."
0:20:51,0:20:52,Cristina,"He was like, oh."
0:20:56,0:20:58,Patricia,"Well, it's interesting."
0:20:59,0:21:02,Patricia,"For him, we have to figure out how to,"
0:21:02,0:21:03,Patricia,"so that he has something to show at the end,"
0:21:03,0:21:07,Patricia,but it doesn't have to be the same as the others.
0:21:07,0:21:10,Patricia,And that's great that he's reading books in English.
0:21:10,0:21:12,Patricia,He arrived recently to the country.
0:21:12,0:21:14,Cristina,"I mean, he wasn't really reading."
0:21:14,0:21:15,Cristina,He was reading in Spanish really well.
0:21:15,0:21:17,Cristina,He didn't really read any English.
0:21:17,0:21:19,Cristina,But he asked me to read the English
0:21:19,0:21:20,Cristina,and then translate it for him.
0:21:21,0:21:23,Cristina,Which even that was like.
0:21:23,0:21:25,Joe,But he looked like reading along with you.
0:21:25,0:21:28,Cristina,"Yeah, and he identified some words."
0:21:28,0:21:30,Cristina,He could find teacher.
0:21:33,0:21:36,Cristina,"But yeah, but it was really, I don't know."
0:21:36,0:21:37,Cristina,It was really sweet.
0:21:37,0:21:39,Patricia,"Yeah, yes, being interested in the books."
0:21:39,0:21:42,Patricia,"Right, because at the beginning we saw a lot of rejection."
0:21:42,0:21:43,Cristina,He had so many questions for me.
0:21:43,0:21:44,Cristina,"I was like, I don't know, we have to look it up."
0:21:44,0:21:45,Cristina,So we're looking up all these things
0:21:45,0:21:47,Cristina,on the phone about outer space.
0:21:47,0:21:47,Cristina,I don't know.
0:21:47,0:21:48,Patricia,It's great.
0:21:48,0:21:49,Patricia,"Yeah, so you're learning together"
0:21:49,0:21:51,Patricia,and how to capture that in the movie.
0:21:51,0:21:54,Patricia,Maybe tomorrow you can continue.
0:21:54,0:21:55,Paulina,"Yeah, focusing on him."
0:21:55,0:21:59,Paulina,"Nice for him too because I gather during the school day,"
0:21:59,0:22:01,Paulina,there's so many times that you have to say no to him.
0:22:01,0:22:02,Cristina,Yes.
0:22:02,0:22:04,Paulina,Because he just wants to be and do.
0:22:04,0:22:07,Paulina,"Right, and the environment of the least that you can do"
0:22:07,0:22:09,Paulina,is be and do what you want.
0:22:09,0:22:12,Paulina,"So it must have felt nice for him to just like,"
0:22:12,0:22:13,Paulina,can we read this?
0:22:13,0:22:14,Paulina,"Sure, can we do this?"
0:22:14,0:22:18,Paulina,"Yeah, but also all serve the purpose."
0:22:19,0:22:22,Paulina,"He didn't know it, but it was fun."
0:22:22,0:22:24,Cristina,"Yeah, and that's why I was like, really,"
0:22:24,0:22:26,Cristina,"I didn't want to say, the thought crossed my mind"
0:22:26,0:22:28,Cristina,"of like, there is something else"
0:22:28,0:22:29,Cristina,"that he's supposed to be doing,"
0:22:29,0:22:32,Cristina,"but I just was like, this kid hears all day, I'm sure."
0:22:32,0:22:35,Cristina,"And I know in our program, spends a lot of time hearing,"
0:22:35,0:22:37,Cristina,"like, no, you have to do this."
0:22:37,0:22:38,Cristina,"No, you can't do that."
0:22:38,0:22:39,Cristina,You need to do this.
0:22:41,0:22:43,Cristina,Come back over here because you should be over here.
0:22:43,0:22:46,Cristina,"And so I just was like, I don't wanna,"
0:22:47,0:22:48,Cristina,"I don't know, I was like, this is such a beautiful moment"
0:22:49,0:22:50,Cristina,where he's like showing interest in something
0:22:50,0:22:53,Cristina,that we can like explore and I didn't wanna stop that.
0:22:53,0:22:54,Paulina,That was really nice that you followed that thread
0:22:54,0:22:56,Paulina,"of interest, you know?"
0:22:56,0:22:57,Paulina,"Kind of what I've done as far as, thank you."
0:22:57,0:22:59,Cristina,It was really fun.
0:22:59,0:23:00,Patricia,That's good.
0:23:00,0:23:02,Cristina,"So anyway, but also thanks, guys,"
0:23:02,0:23:03,Cristina,because I feel like also that it's like.
0:23:03,0:23:06,Belén,"Yeah, I saw you and I wanted to take pictures,"
0:23:06,0:23:07,Belén,"but well, I didn't."
0:23:07,0:23:08,Belén,They're fun.
0:23:08,0:23:12,Belén,"No, I don't know if any of the others that I saw you"
0:23:12,0:23:16,Belén,and the two of you were so into like a little world
0:23:16,0:23:18,Belén,"and I was like, okay."
0:23:18,0:23:20,Cristina,"But it like, you know, that stuff like can only,"
0:23:20,0:23:21,Cristina,"those moments can only happen when like,"
0:23:21,0:23:23,Cristina,"I don't know, when there's not like crises happening."
0:23:23,0:23:25,Cristina,"You know, like it takes..."
0:23:25,0:23:27,Patricia,"When, yeah, division of labor, right?"
0:23:27,0:23:28,Cristina,The division of labor.
0:23:28,0:23:29,Patricia,Exactly.
0:23:29,0:23:30,Patricia,Taking care of the other children and helping.
0:23:30,0:23:32,Patricia,It can happen on Tuesday.
0:23:32,0:23:32,Patricia,It can happen on Tuesday.
0:23:32,0:23:33,Cristina,It can happen on Tuesday.
0:23:33,0:23:34,Paulina,"Yeah, yeah."
0:23:34,0:23:35,Paulina,It can happen on Tuesday.
0:23:35,0:23:36,Paulina,Once you have to wear.
0:23:36,0:23:37,Paulina,"But also like if you had planned it,"
0:23:37,0:23:39,Paulina,I'm sure you wouldn't have gone.
0:23:39,0:23:40,Paulina,It wouldn't have been the same.
0:23:40,0:23:40,Paulina,"No, you know."
0:23:40,0:23:41,Paulina,It was spontaneous.
0:23:41,0:23:44,Paulina,It came from him and you kind of indulge into that journey.
0:23:44,0:23:47,Cristina,So I have a little voice memo recording of him reading.
0:23:49,0:23:49,Cristina,I'll put it.
0:23:49,0:23:50,Cristina,"Yeah, I'll put it."
0:23:52,0:23:54,Joe,I forgot to use the voice recorders today.
0:23:56,0:23:57,Patricia,I have one with Isabel.
0:23:58,0:24:03,Patricia,I wanted to have us think a little bit about
0:24:03,0:24:05,Patricia,"the literacy that we,"
0:24:05,0:24:08,Patricia,what does it mean to be literate in this context
0:24:08,0:24:10,Patricia,that we are working in?
0:24:10,0:24:11,Patricia,Like what do we need to know?
0:24:11,0:24:13,Patricia,Like what's the meaning making
0:24:13,0:24:17,Patricia,and the process that we follow to express something
0:24:17,0:24:19,Patricia,through this mode that we're doing?
0:24:19,0:24:21,Patricia,We read something.
0:24:21,0:24:22,Patricia,"The teachers were not there,"
0:24:22,0:24:24,Patricia,but on Friday we read an article
0:24:25,0:24:30,Patricia,"that focused on the transfer, the transmediation."
0:24:31,0:24:35,Patricia,They used a different term from Chris.
0:24:35,0:24:38,Patricia,"But basically the transmediation,"
0:24:38,0:24:40,Patricia,moving from mode to mode.
0:24:40,0:24:43,Patricia,With kind of a similar meaning making.
0:24:43,0:24:45,Patricia,But going from the storyboard that they drew and wrote
0:24:46,0:24:47,Patricia,"and the ideas that they have in their minds,"
0:24:47,0:24:49,Patricia,also based on their previous experience
0:24:49,0:24:52,Patricia,"with the flat version of the movie,"
0:24:52,0:24:54,Patricia,to now creating this 3D.
0:24:54,0:24:56,Patricia,So I don't know if you have any insights
0:24:56,0:24:58,Patricia,about what literacy means in this context
0:24:58,0:25:02,Patricia,and also that process of transmediation.
0:25:02,0:25:04,Joe,"Not so much about the process of transmediation,"
0:25:04,0:25:08,Joe,"but like as far as like using the camera today,"
0:25:08,0:25:10,Joe,Isabel was helping a lot with ISIS
0:25:10,0:25:13,Joe,and JDM and making this project.
0:25:13,0:25:15,Joe,And I was asking her to explain
0:25:15,0:25:17,Joe,why she kept moving the camera.
0:25:17,0:25:21,Joe,"Like, okay, why are we looking down now?"
0:25:21,0:25:24,Joe,"And she explained it in terms of like,"
0:25:24,0:25:26,Joe,"well, that's what I want you to see."
0:25:26,0:25:28,Joe,"And I feel like that, I don't know,"
0:25:28,0:25:29,Joe,"seems like a simple example,"
0:25:29,0:25:33,Joe,but she's talking about like the language
0:25:33,0:25:37,Joe,"of camera movement, like literacy of how to,"
0:25:37,0:25:41,Joe,of operating a camera and understanding
0:25:41,0:25:43,Joe,what's intended by something
0:25:43,0:25:45,Joe,when a camera moves on screen.
0:25:45,0:25:47,Joe,You're trying to point someone towards something else.
0:25:47,0:25:51,Patricia,"Yes, I think that we want her to tell this story"
0:25:51,0:25:54,Patricia,"through the, by moving the clay pieces, right?"
0:25:54,0:25:55,Patricia,Create the story that way.
0:25:55,0:25:58,Patricia,"She wants to tell this story with the camera,"
0:25:58,0:26:00,Patricia,like moving the camera around.
0:26:00,0:26:01,Patricia,"So there's a tension there,"
0:26:01,0:26:03,Patricia,"because I was trying to tell her,"
0:26:04,0:26:05,Patricia,"let's not move the camera,"
0:26:05,0:26:08,Patricia,because the point of the tripod
0:26:08,0:26:10,Patricia,"is so that the camera is still,"
0:26:10,0:26:11,Patricia,and you move the rest.
0:26:11,0:26:14,Patricia,But she had glued her pieces.
0:26:14,0:26:16,Patricia,"So at one moment we were like,"
0:26:16,0:26:17,Patricia,"okay, now let's tell this story"
0:26:17,0:26:19,Patricia,through the movement of the pieces.
0:26:19,0:26:22,Patricia,"But she's like, well, I can't move anything,"
0:26:22,0:26:23,Patricia,because it's all glued.
0:26:23,0:26:27,Patricia,"She had to, I'm like, well, let's unglue some of this."
0:26:27,0:26:29,Patricia,"She actually removed the ball,"
0:26:29,0:26:30,Patricia,"and she was moving it,"
0:26:30,0:26:33,Patricia,but then she didn't want to see her fingers there.
0:26:33,0:26:35,Patricia,So there was so much learning going on.
0:26:35,0:26:38,Patricia,"So I tried to use my pen, stuck it on the ball,"
0:26:38,0:26:40,Patricia,and she was capturing it this way.
0:26:40,0:26:41,Patricia,And she got it that way.
0:26:41,0:26:43,Patricia,"But then she went back to,"
0:26:43,0:26:45,Patricia,"okay, now I want this character to say hi."
0:26:45,0:26:46,Patricia,"So she wrote hi,"
0:26:46,0:26:48,Patricia,and then she moved the camera to capture the hi.
0:26:48,0:26:50,Joe,"She did writing last time too,"
0:26:50,0:26:52,Joe,the first time we did animation.
0:26:52,0:26:55,Joe,"She wrote some final message,"
0:26:55,0:26:57,Joe,"with like, I don't know,"
0:26:57,0:26:59,Joe,"that's all, I don't know,"
0:26:59,0:27:01,Joe,"an ending phrase,"
0:27:01,0:27:03,Joe,and brought it up to the camera as a final slide.
0:27:03,0:27:04,Paulina,And she finished?
0:27:04,0:27:06,Joe,"This was the other one,"
0:27:06,0:27:06,Joe,"no, months ago."
0:27:06,0:27:08,Joe,I don't think she's done with this one yet.
0:27:08,0:27:10,Patricia,We have a movie.
0:27:10,0:27:12,Patricia,We have a movie with the ball.
0:27:12,0:27:13,Belén,Yeah.
0:27:13,0:27:14,Patricia,We can pass it around.
0:27:14,0:27:14,Joe,We want it to continue.
0:27:14,0:27:16,Paulina,Because I've seen these videos on TikTok
0:27:16,0:27:18,Paulina,"of somebody who grabs a painting,"
0:27:18,0:27:20,Paulina,"like a classic painting,"
0:27:20,0:27:21,Paulina,and does a funny dialogue.
0:27:21,0:27:23,Paulina,"And the movement goes,"
0:27:23,0:27:25,Paulina,"like focusing on each character in the painting,"
0:27:25,0:27:27,Paulina,zooming out and in.
0:27:27,0:27:29,Paulina,So maybe she has a sense.
0:27:29,0:27:30,Paulina,"You know, she can still put voices,"
0:27:30,0:27:33,Paulina,and be focused and twist the camera.
0:27:33,0:27:35,Cristina,I'm kind of afraid that's her vision.
0:27:35,0:27:36,Paulina,"You know, so it's like,"
0:27:36,0:27:38,Paulina,"hello, and then you see somebody,"
0:27:38,0:27:39,Paulina,"like the dog in the corner is talking,"
0:27:39,0:27:41,Paulina,"and then you can move to the,"
0:27:41,0:27:43,Paulina,so maybe there's still a way around it too.
0:27:45,0:27:47,Joe,And that camera movement is like its own
0:27:47,0:27:50,Joe,part of the film language.
0:27:50,0:27:51,Joe,"That like we aren't,"
0:27:51,0:27:54,Joe,"we didn't teach or like address ourselves,"
0:27:54,0:27:56,Joe,"but she's like discovered it on her own, I feel like."
0:27:56,0:27:58,Angela,"I mean, she's on TikTok all the time,"
0:27:58,0:27:59,Angela,I'm sure.
0:27:59,0:28:00,Joe,Yeah.
0:28:00,0:28:02,Angela,"And I remember the first project she did,"
0:28:02,0:28:04,Angela,"it was very avant-garde, I would say."
0:28:04,0:28:06,Joe,"Yeah, she put her shelf,"
0:28:06,0:28:07,Joe,"like it was the,"
0:28:07,0:28:08,Joe,I don't know if you saw the Plexiglas set up
0:28:08,0:28:10,Joe,"that we have with the one that you're using today,"
0:28:10,0:28:12,Joe,and she like stuck her head in there.
0:28:12,0:28:14,Joe,"Last time, and today, again,"
0:28:14,0:28:16,Joe,"she was like, okay, whose face is going at the end of this?"
0:28:16,0:28:18,Joe,"And Isis was like, okay,"
0:28:18,0:28:19,Joe,"and then didn't like the photo,"
0:28:19,0:28:21,Joe,so they deleted it.
0:28:21,0:28:23,Angela,"She broke the fourth wall, right?"
0:28:23,0:28:24,Angela,"Which is very untraditional,"
0:28:24,0:28:26,Angela,"but it was very like,"
0:28:26,0:28:26,Joe,Very avant-garde.
0:28:28,0:28:29,Joe,The fourth wall is like when you address
0:28:29,0:28:30,Joe,yourself in film.
0:28:30,0:28:32,Joe,A filmmaker in the film.
0:28:32,0:28:33,Joe,You show yourself.
0:28:33,0:28:36,Angela,Kind of like a big hat to the audience.
0:28:36,0:28:36,Manuel,And break the fourth wall.
0:28:36,0:28:39,Manuel,Like when a character like addresses the audience
0:28:39,0:28:41,Manuel,"in a movie, it's like breaking the fourth wall."
0:28:41,0:28:44,Joe,"Yeah, if you've seen Deadpool."
0:28:44,0:28:46,Patricia,"Yeah, all the time."
0:28:46,0:28:47,Joe,"Heh, the kids probably..."
0:28:47,0:28:50,Patricia,"Yeah, but this is their,"
0:28:50,0:28:52,Patricia,"they've seen this, this is their experience, right?"
0:28:52,0:28:53,Patricia,They've seen this in movies.
0:28:53,0:28:54,Patricia,Yeah.
0:28:54,0:28:55,Joe,"They have that language, even."
0:28:55,0:28:57,Joe,"Another thought is on like,"
0:28:57,0:28:59,Joe,literacy examples just from today.
0:29:01,0:29:03,Joe,"Just like, as far as manipulating the clay."
0:29:06,0:29:06,Baird,Sorry.
0:29:06,0:29:08,Patricia,"It's right on TV, watch this."
0:29:08,0:29:09,Patricia,Okay.
0:29:09,0:29:10,Patricia,I'm sorry.
0:29:10,0:29:11,Cristina,Sorry.
0:29:11,0:29:12,Cristina,No worries.
0:29:12,0:29:15,Joe,"When Aliyah was manipulating the clay,"
0:29:15,0:29:17,Joe,"in her story, someone was eating cake."
0:29:17,0:29:19,Joe,"And I just saw her like very,"
0:29:19,0:29:21,Joe,like particularly like taking a piece
0:29:21,0:29:24,Joe,out of the ball of clay that was the cake.
0:29:24,0:29:26,Joe,And someone had a bite.
0:29:26,0:29:28,Joe,It was like sticking it on people's faces.
0:29:28,0:29:30,Joe,"As like, while they're eating it."
0:29:30,0:29:32,Joe,"It's like, yeah."
0:29:32,0:29:33,Joe,I don't know.
0:29:33,0:29:35,Joe,"I thought that was a good example of like,"
0:29:35,0:29:37,Joe,"the minutiae, minute details"
0:29:37,0:29:40,Joe,that are being manipulated to tell a story.
0:29:40,0:29:42,Joe,"Even though, in all honesty,"
0:29:42,0:29:44,Joe,in the photos you can't tell
0:29:44,0:29:45,Joe,that there's a little piece taken out.
0:29:45,0:29:48,Joe,But it mattered to her to do that as part of the story.
0:29:50,0:29:51,Patricia,"Yeah, sometimes it's not captured"
0:29:51,0:29:54,Patricia,"just with the technology that we have, right?"
0:29:54,0:29:55,Patricia,The message that we want to communicate.
0:29:55,0:29:57,Patricia,Like I don't think I can read the word
0:29:57,0:30:01,Patricia,"that Isabella wrote, even though she took the camera and."
0:30:01,0:30:01,Joe,The focus maybe.
0:30:01,0:30:04,Patricia,"Because it's in green, it's on cardboard, so that."
0:30:05,0:30:06,Patricia,I don't think you can see it.
0:30:06,0:30:10,Joe,"But if you had a longer series of lessons on this,"
0:30:10,0:30:12,Joe,they would watch their animations
0:30:12,0:30:13,Joe,"and then they would be like, okay,"
0:30:13,0:30:16,Joe,next time I need to make sure that's in focus and in frame.
0:30:17,0:30:18,Joe,When I have a word for it.
0:30:18,0:30:19,Patricia,Yeah.
0:30:19,0:30:21,Patricia,It's a learning process.
0:30:22,0:30:23,Patricia,"Sorry, Cristina."
0:30:23,0:30:25,Cristina,"I just, Andrea was just telling me"
0:30:25,0:30:29,Cristina,that Jeremy also had said some things to her
0:30:29,0:30:32,Cristina,about his things that are happening at home.
0:30:33,0:30:34,Cristina,"She was like, I'm glad that you did."
0:30:34,0:30:36,Andrea,"When we were eating the snack downstairs,"
0:30:36,0:30:38,Andrea,he was very sad and he told me
0:30:38,0:30:40,Andrea,something happened at my house.
0:30:40,0:30:43,Andrea,"And then he just shared, so saying that I was happy"
0:30:43,0:30:45,Andrea,that he got done one-on-one attention.
0:30:45,0:30:48,Andrea,He said that the mom and the dad were fighting
0:30:48,0:30:51,Andrea,and the dad was hitting the mom.
0:30:51,0:30:53,Andrea,And then she was trying to defend herself
0:30:53,0:30:56,Andrea,and she did something with love and she hit him.
0:30:56,0:30:58,Andrea,And now he cannot walk.
0:30:58,0:30:59,Andrea,"He said something like,"
0:30:59,0:31:04,Andrea,"""ahora camina como borracho"""
0:31:07,0:31:12,Andrea,"no, like she said that he hit him in the leg."
0:31:12,0:31:13,Paulina,"Oh, because he feels that way."
0:31:13,0:31:16,Andrea,"No, no, no, no, no, no, no, no, no, no, no, no, no."
0:31:16,0:31:20,Andrea,"Like drunk, like, yeah, but now he said it was."
0:31:20,0:31:21,Belén,The leg.
0:31:21,0:31:22,Patricia,"The leg, yes."
0:31:22,0:31:24,Patricia,This is not the dad.
0:31:24,0:31:25,Andrea,"No, I think this is the dad."
0:31:25,0:31:26,Andrea,"Oh, the actual dad?"
0:31:26,0:31:28,Andrea,"No, I think this is the stepfather."
0:31:28,0:31:30,Andrea,"Yeah, and, or I don't know, stepfather, whatever it is."
0:31:30,0:31:32,Andrea,"Yeah, we know the relationship."
0:31:32,0:31:34,Andrea,And he said that he was scared
0:31:34,0:31:39,Andrea,and that what he did is ask him if he was okay.
0:31:39,0:31:42,Andrea,And that he was very sad.
0:31:42,0:31:44,Andrea,"And then he, like his eyes,"
0:31:45,0:31:47,Andrea,it was like he was going to cry and he hugged me
0:31:47,0:31:51,Andrea,and I hugged him and then he packed his stuff
0:31:51,0:31:52,Andrea,and then we came upstairs.
0:31:52,0:31:54,Andrea,But I'm glad he had.
0:31:54,0:31:56,Andrea,That was at the beginning of the problem.
0:31:56,0:31:59,Andrea,"Yes, like he was just, when we were waiting"
0:31:59,0:32:04,Andrea,"because he still had food, he just threw the information."
0:32:04,0:32:07,Andrea,I feel like he just needed to tell someone.
0:32:07,0:32:10,Andrea,"And since nobody else was at the table,"
0:32:10,0:32:12,Andrea,I feel like he just found time.
0:32:12,0:32:13,Manuel,And he was ready to continue.
0:32:13,0:32:14,Patricia,"To share with someone, yeah."
0:32:14,0:32:17,Patricia,"Yeah, I'm glad that he got that time with Cristina."
0:32:17,0:32:17,Belén,Yes.
0:32:17,0:32:20,Paulina,I'm wondering if there was mandated reporters.
0:32:20,0:32:21,Paulina,"Like, I think."
0:32:21,0:32:22,Paulina,"Yeah, I was just wondering."
0:32:22,0:32:23,Paulina,That's what I was thinking about.
0:32:23,0:32:28,Paulina,"Because I feel like once you have that information,"
0:32:28,0:32:29,Paulina,like.
0:32:29,0:32:30,Paulina,We deal with it.
0:32:30,0:32:30,Paulina,Yeah.
0:32:30,0:32:31,Paulina,I was just thinking that.
0:32:31,0:32:33,Paulina,I'm just gonna shoot an email just in case.
0:32:33,0:32:36,Paulina,I feel like this is something we should follow up on.
0:32:36,0:32:36,Paulina,Yeah.
0:32:36,0:32:38,Paulina,And then have a conversation with Corpino.
0:32:38,0:32:40,?,"Yeah, yeah."
0:32:40,0:32:45,?,I would just send an email tonight and then stop by tomorrow.
0:32:46,0:32:47,Patricia,Make sure that he's safe.
0:32:47,0:32:48,Patricia,Yeah.
0:32:48,0:32:49,Patricia,Yeah.
0:32:49,0:32:50,Patricia,"I don't know if anyone else was involved,"
0:32:50,0:32:52,Patricia,but if they're hitting each other.
0:32:52,0:32:53,Paulina,Because his story was like.
0:32:53,0:32:54,Paulina,He might be hurt.
0:32:54,0:32:55,Paulina,"Like, his mom already ran away"
0:32:55,0:32:57,Paulina,from a relationship like that.
0:32:57,0:33:00,Paulina,And he was supposed to be the one who kind of.
0:33:00,0:33:01,Patricia,Was going to save her.
0:33:01,0:33:02,Andrea,You know?
0:33:02,0:33:03,Patricia,Yeah.
0:33:03,0:33:04,Andrea,But it's.
0:33:04,0:33:05,Andrea,They're very young.
0:33:05,0:33:07,Andrea,"I mean, it's also very interesting for me"
0:33:07,0:33:10,Andrea,"that at the beginning I remember that he used to say,"
0:33:10,0:33:11,Andrea,"no, he's not my dad."
0:33:11,0:33:13,Andrea,And now he's saying.
0:33:13,0:33:14,Belén,He's worried.
0:33:14,0:33:15,Andrea,He's my dad and he was worried about him.
0:33:15,0:33:20,Andrea,"Like, he told me what I did is I asked him if he was okay."
0:33:20,0:33:22,Andrea,I was like.
0:33:23,0:33:24,Patricia,So he took his side.
0:33:24,0:33:25,Patricia,I don't know.
0:33:25,0:33:26,Andrea,"I don't know if he took his side,"
0:33:26,0:33:28,Andrea,but he was concerned about.
0:33:28,0:33:30,Angela,"I mean, when that man comes to pick him up."
0:33:30,0:33:31,Angela,"Yeah, he's very excited."
0:33:31,0:33:33,Angela,He gets excited.
0:33:33,0:33:34,Angela,"I mean, he doesn't anymore."
0:33:34,0:33:34,Patricia,Because one year.
0:33:34,0:33:35,Patricia,He's helping a lot.
0:33:35,0:33:36,Patricia,Yeah.
0:33:36,0:33:39,Patricia,He was the one who came to one of the.
0:33:39,0:33:40,Patricia,"Yeah, sessions."
0:33:40,0:33:41,Manuel,"Yeah, yeah, yeah."
0:33:41,0:33:42,None,I remember.
0:33:42,0:33:43,None,"Yeah, I don't."
0:33:43,0:33:44,None,I've not met.
0:33:44,0:33:44,Angela,"No, no."
0:33:44,0:33:46,Angela,We've met her.
0:33:46,0:33:46,Cristina,"Oh, that's right."
0:33:46,0:33:47,Cristina,She has one actually.
0:33:47,0:33:48,Cristina,She has one.
0:33:48,0:33:49,Cristina,"But yeah, he came to the sessions"
0:33:49,0:33:50,Cristina,when they invited parents.
0:33:50,0:33:51,Cristina,"Yeah, we met."
0:33:51,0:33:52,Patricia,"Yes, yes, yes."
0:33:52,0:33:53,Patricia,He was here.
0:33:54,0:33:57,Patricia,"But you know, there's a lot of stress in families"
0:33:57,0:33:59,Patricia,that they just arrived to the United States.
0:33:59,0:34:01,Patricia,They don't have stable homes.
0:34:01,0:34:04,Patricia,So this creates the lack of support.
0:34:04,0:34:05,Patricia,They don't have resources.
0:34:05,0:34:08,Patricia,It's gonna create these situations at home.
0:34:08,0:34:11,Patricia,So it's good for us to know that it's happening
0:34:11,0:34:14,Patricia,and see if the counselor can support.
0:34:14,0:34:15,Paulina,"Yeah, at risk."
0:34:15,0:34:17,Paulina,Maybe he can help at risk.
0:34:17,0:34:19,Patricia,Who's his teacher?
0:34:19,0:34:20,Patricia,"Oh, you're his teacher."
0:34:20,0:34:21,Belén,Okay.
0:34:22,0:34:23,Belén,She's a female.
0:34:25,0:34:26,Paulina,She's already on it.
0:34:26,0:34:27,SPEAKER_11,"Yeah, exactly."
0:34:27,0:34:29,SPEAKER_11,"When you started talking to Sarah, I was like,"
0:34:29,0:34:33,SPEAKER_11,"oh God, we probably need to do something."
0:34:33,0:34:34,Andrea,And then he was raised out at the end
0:34:34,0:34:35,Andrea,when we sent the last week.
0:34:35,0:34:36,Andrea,Yeah.
0:34:36,0:34:38,Andrea,And then maybe we should mention to her
0:34:38,0:34:41,Paulina,that this was shared in confidence.
0:34:41,0:34:42,Paulina,"Like so he doesn't feel like,"
0:34:42,0:34:45,Paulina,because the last thing he needs
0:34:45,0:34:46,Paulina,is to feel like he trusted somebody
0:34:46,0:34:48,Paulina,who he trusted.
0:34:48,0:34:49,Paulina,Yes.
0:34:49,0:34:50,Paulina,So she can be like.
0:34:50,0:34:52,Patricia,"I know, yeah, that is another,"
0:34:54,0:34:55,Patricia,"it's a tension, right?"
0:34:55,0:34:56,Patricia,Because the family can get in trouble
0:34:56,0:34:57,Patricia,through these processes.
0:34:57,0:35:00,Patricia,But we have to make sure that he's safe.
0:35:00,0:35:02,Patricia,"But as teachers, we have an obligation to."
0:35:02,0:35:04,Andrea,And the kids help us like that.
0:35:04,0:35:05,Patricia,Yeah.
0:35:05,0:35:06,Patricia,Yeah.
0:35:07,0:35:10,Patricia,You do take those trainings at Teachers College
0:35:10,0:35:12,Patricia,"about this, about abuse and harassment."
0:35:12,0:35:15,Patricia,And are obligated to take action.
0:35:15,0:35:15,Patricia,Unfortunately.
0:35:15,0:35:16,Patricia,Or fortunately.
0:35:17,0:35:18,Patricia,Yes.
0:35:18,0:35:21,Patricia,How was it here in this room?
0:35:21,0:35:23,Patricia,I was mostly in the other room
0:35:23,0:35:26,Patricia,or downstairs with the Orellana sisters.
0:35:26,0:35:28,Andrea,I worked with Lucas.
0:35:28,0:35:29,Patricia,Oh yeah.
0:35:29,0:35:30,Andrea,And it was very interesting.
0:35:30,0:35:33,Andrea,It was like when we were talking about last Friday
0:35:33,0:35:38,Andrea,"about them, like the learning process that happens"
0:35:38,0:35:40,Andrea,when they need to find the pen colors
0:35:40,0:35:43,Andrea,and like his piece broke.
0:35:43,0:35:46,Andrea,So he was trying to find a way to glue it together.
0:35:46,0:35:47,Andrea,And he was trying different things.
0:35:47,0:35:50,Andrea,Like he played all in both parts
0:35:50,0:35:52,Andrea,and then tried to stick it together.
0:35:52,0:35:54,Andrea,Like it was just very interesting to see him
0:35:54,0:35:57,Andrea,finding ways of making it work.
0:35:57,0:36:01,Andrea,"And then he was saying like, oh, I need purple,"
0:36:01,0:36:03,Andrea,but there's no more purple.
0:36:03,0:36:05,Andrea,Should I make more?
0:36:05,0:36:07,Andrea,And he was thinking how to make more.
0:36:07,0:36:11,Andrea,Then he got distracted because he was talking to
0:36:11,0:36:13,Andrea,Giordani about the Mario movie.
0:36:13,0:36:14,Andrea,And then.
0:36:14,0:36:15,Patricia,The what?
0:36:15,0:36:16,Andrea,The Mario movie.
0:36:16,0:36:16,Andrea,Ah.
0:36:16,0:36:17,Andrea,Everyone.
0:36:17,0:36:22,Andrea,"And then he got distracted by that, but like he was."
0:36:22,0:36:24,Patricia,"Oh, the Mario movie."
0:36:24,0:36:25,Patricia,I went to see it.
0:36:25,0:36:30,Belén,I talked to Giordani and it really caught my attention
0:36:30,0:36:35,Belén,because he realized Mario was not like in the shape
0:36:35,0:36:37,Belén,that he wanted.
0:36:37,0:36:41,Belén,So he came up with a solution.
0:36:41,0:36:44,Belén,"So I asked him, so what is the story then?"
0:36:45,0:36:48,Belén,"And he said, okay, I thought that I'm going to do"
0:36:48,0:36:52,Belén,a big rock and Mario's going to be running away
0:36:52,0:36:55,Belén,"from the rock, but the rock is going to like"
0:36:55,0:36:57,Belén,pass over Mario.
0:36:57,0:36:59,Belén,And that's why Mario is like this.
0:36:59,0:36:59,Joe,Squished?
0:36:59,0:37:00,Belén,"Yes, squished."
0:37:00,0:37:01,Joe,"Oh, I thought so."
0:37:01,0:37:04,Belén,"Yeah, and I said, yeah, you gotta do that."
0:37:04,0:37:06,Belén,"I love it, let's do it."
0:37:06,0:37:07,Joe,This was Giordani?
0:37:07,0:37:10,Belén,"Giordani, yeah, yeah, because he realized that"
0:37:10,0:37:13,Belén,what he had in mind was not possible to do.
0:37:13,0:37:17,Belén,"So I asked him, what are you going to do?"
0:37:17,0:37:22,Belén,So his Mario is like the head and the body is like this.
0:37:22,0:37:26,Belén,So he wanted to do like the rock rolling
0:37:26,0:37:27,Belén,and going over Mario.
0:37:27,0:37:30,Belén,So Mario's going to be like that.
0:37:30,0:37:31,Joe,But he hasn't started yet.
0:37:31,0:37:36,Belén,"No, because I just talked, when he realized, like no."
0:37:38,0:37:41,Belén,"Because I told him, we have just tomorrow to do this,"
0:37:41,0:37:43,Belén,so you have to come up with something.
0:37:43,0:37:44,Belén,Yeah.
0:37:44,0:37:45,Joe,"We're not doing next Tuesday,"
0:37:45,0:37:47,Joe,what are we doing next Tuesday?
0:37:47,0:37:48,Angela,We're still continuing this.
0:37:48,0:37:49,Joe,"Yeah, we're still doing it."
0:37:49,0:37:49,Patricia,"We're continuing, yes."
0:37:49,0:37:50,Patricia,If we could add.
0:37:50,0:37:51,Angela,We're gonna take that one.
0:37:51,0:37:54,Patricia,"If we could add, you know, I could use my computer"
0:37:54,0:37:58,Patricia,to add for someone like Isabella to maybe add some sound.
0:37:58,0:38:02,Patricia,"Or you see, this one has like a movie."
0:38:02,0:38:03,Patricia,It has to be in computers.
0:38:03,0:38:05,Joe,"Yeah, I have my laptop too."
0:38:06,0:38:09,Patricia,"Not ideal, but, because they don't have independence."
0:38:10,0:38:13,Patricia,The iPads that we have are too old for that movie.
0:38:13,0:38:17,Patricia,"So, yeah, Giordani was one that we knew"
0:38:17,0:38:18,Patricia,he was going to soon realize.
0:38:18,0:38:20,Belén,"Yeah, I was surprised because I was scared."
0:38:20,0:38:24,Belén,He was wanting to be one of those that feel frustrated
0:38:24,0:38:28,Belén,because he had like the idea of making Mario movie
0:38:28,0:38:29,Belén,for the project.
0:38:30,0:38:35,Belén,But I felt really glad that he came up with a solution.
0:38:35,0:38:37,Belén,"And that's why I was like, yay, I love it, let's do it."
0:38:37,0:38:40,Belén,And I will help you to be the role.
0:38:40,0:38:44,Belén,And then I work with Noami and Keisha.
0:38:45,0:38:48,Belén,"And I don't know if you have worked with the two of them,"
0:38:48,0:38:50,Belén,but it's very interesting.
0:38:51,0:38:55,Belén,"Noami is like, just let's just have fun."
0:38:55,0:38:57,Belén,"This is funny, ha ha ha."
0:38:57,0:39:02,Belén,And Keisha wants to make everything like perfect and pretty.
0:39:03,0:39:08,Belén,"And at the end, I gave them my iPad to do it."
0:39:08,0:39:10,Belén,"I asked them, do you remember how to do it?"
0:39:10,0:39:11,Belén,"Yeah, yeah, yeah, yeah."
0:39:11,0:39:13,Belén,So actually they did it.
0:39:13,0:39:14,Joe,Were they doing the flat one?
0:39:14,0:39:16,Joe,"No, they were doing 3D."
0:39:16,0:39:17,Belén,I saw it.
0:39:17,0:39:19,Belén,"Yeah, and they have the movie."
0:39:19,0:39:20,Belén,Like independently.
0:39:20,0:39:23,Belén,Fiesta de Pijamas con Keisha y Noami.
0:39:23,0:39:23,Belén,Oh.
0:39:23,0:39:24,Patricia,Oh.
0:39:24,0:39:26,Patricia,Do you have the finishes?
0:39:26,0:39:26,Angela,Yes.
0:39:26,0:39:27,Angela,So cute.
0:39:27,0:39:29,Angela,And that's a good story because they actually plan
0:39:29,0:39:31,Angela,every step together.
0:39:31,0:39:32,Angela,Yeah.
0:39:32,0:39:34,Angela,And they talked about it and they did all the steps.
0:39:34,0:39:39,Angela,"Like the first pre-draft, the second with the storyboard."
0:39:40,0:39:42,Angela,So that's actually like they put in a lot of thought
0:39:42,0:39:44,Angela,and some of the kids who.
0:39:44,0:39:46,Andrea,And I think they started before the break
0:39:46,0:39:48,Andrea,when they were planning to actually have
0:39:48,0:39:49,Angela,the Pijama party.
0:39:49,0:39:49,Andrea,"Yeah, yeah, yeah."
0:39:49,0:39:52,Andrea,And then they came back with the experience
0:39:52,0:39:54,Andrea,and they updated the story.
0:39:55,0:39:56,Angela,Which is great.
0:39:57,0:39:59,Patricia,"We talked on Friday though about,"
0:40:01,0:40:04,Patricia,"you know, is it better if they have a very well thought out"
0:40:04,0:40:09,Patricia,plan or can it be as good just to start without any ideas?
0:40:11,0:40:13,Patricia,"Right, start capturing the images?"
0:40:13,0:40:15,Patricia,I think some children would rather do that.
0:40:15,0:40:18,Andrea,"Well, Milan has been here."
0:40:18,0:40:21,Andrea,I feel like he was not here the first week
0:40:21,0:40:24,Andrea,and then he was in and out and today he left early.
0:40:24,0:40:25,Andrea,But when I asked him what is the story
0:40:25,0:40:28,Andrea,"that you're working on, he just made up the story"
0:40:28,0:40:30,Andrea,that moment and it was great.
0:40:30,0:40:34,Andrea,"Like he pretended that he was working in a,"
0:40:34,0:40:36,Andrea,I don't know if a grocery store or what.
0:40:36,0:40:39,Andrea,"So he was saying like, welcome to blah, blah, blah."
0:40:39,0:40:41,Andrea,Like what would you like to order?
0:40:41,0:40:42,Andrea,And then.
0:40:42,0:40:43,Cristina,"Yeah, that's not his story."
0:40:43,0:40:44,Andrea,"Yeah, yeah."
0:40:44,0:40:45,Andrea,"And I was like, what is the menu?"
0:40:45,0:40:48,Andrea,"And he just told me many, many options."
0:40:48,0:40:52,Andrea,And I was asking for things he was creating.
0:40:52,0:40:54,Patricia,"That's so interesting, right?"
0:40:55,0:40:57,Patricia,It's actually almost an extra step
0:40:57,0:40:59,Patricia,when you have the storyboard and you kind of
0:40:59,0:41:01,Patricia,have to let it go.
0:41:01,0:41:03,Patricia,"They let go of it, like in Giordani,"
0:41:03,0:41:06,Patricia,because his drawing was so perfect.
0:41:06,0:41:10,Patricia,"But then in Clay, you cannot create it as perfect."
0:41:10,0:41:11,Angela,Or you have to like adapt it.
0:41:11,0:41:13,Patricia,It just doesn't work.
0:41:13,0:41:14,Angela,Like her heart.
0:41:15,0:41:17,Patricia,"Yeah, it's an extra step to adapt it."
0:41:17,0:41:20,Belén,"Yeah, they adapted and they,"
0:41:20,0:41:22,Belén,"just last week I asked them,"
0:41:22,0:41:24,Belén,are you going to make more details?
0:41:24,0:41:26,Belén,"No, no, no, está listo."
0:41:26,0:41:30,Belén,"But today, I don't know if they saw other projects"
0:41:30,0:41:31,Belén,or just changed their mind.
0:41:31,0:41:34,Belén,"But now they wanted to make a bed,"
0:41:34,0:41:39,Belén,"and the little babies, and a table,"
0:41:39,0:41:42,Belén,and like a lot of little details.
0:41:43,0:41:46,Belén,"And so yeah, they put a lot of thought in that."
0:41:46,0:41:47,Andrea,It's lovely.
0:41:47,0:41:48,Andrea,I have a question.
0:41:48,0:41:52,Andrea,What did we decide to do with the kids that are gone?
0:41:52,0:41:54,Andrea,"Because today, I took the second graders"
0:41:54,0:41:56,Andrea,"and I have them playing,"
0:41:56,0:41:58,Andrea,but tomorrow we're gonna have more kids.
0:41:59,0:42:02,Andrea,"And I remember that we talked about this at some point,"
0:42:02,0:42:04,Andrea,but I don't remember it.
0:42:04,0:42:05,Joe,Can you stack it on anything?
0:42:05,0:42:07,Cristina,"The ideas we talked about were like,"
0:42:07,0:42:10,Cristina,"that either they become teacher helpers,"
0:42:10,0:42:12,Cristina,"or they help their peers,"
0:42:12,0:42:16,Cristina,"or they can move on to like adding music,"
0:42:17,0:42:19,Cristina,but they need us to do that.
0:42:19,0:42:20,Patricia,"Right, to donate."
0:42:20,0:42:23,Andrea,"I kind of feel like tomorrow we're gonna have too many,"
0:42:23,0:42:27,Andrea,"because today, some of them I sent them to be like Isabel,"
0:42:27,0:42:32,Andrea,"and to be, oh, Marine, I also sent Marine to be teacher."
0:42:34,0:42:37,Andrea,"But I feel like tomorrow, oh, Marine is just Marine."
0:42:38,0:42:40,Andrea,I'm so happy that this is over.
0:42:40,0:42:42,Andrea,I don't wanna see you never again.
0:42:42,0:42:43,Andrea,Any of you never again.
0:42:44,0:42:47,Cristina,"She has her sweet moments, but many times."
0:42:47,0:42:50,Joe,"Yeah, she has her, she's getting the attention."
0:42:50,0:42:51,Andrea,"She was, yeah."
0:42:51,0:42:53,Joe,"She was upset that we weren't doing another,"
0:42:53,0:42:56,Joe,"you know, she did one last week."
0:42:56,0:42:58,Joe,"She wanted to do it again, because of the lockup."
0:42:58,0:42:59,Joe,"We did get cut a little short,"
0:42:59,0:43:02,Joe,but she was just sitting there complaining
0:43:02,0:43:07,Joe,that I was working with Valianna for like 20 minutes.
0:43:07,0:43:08,Joe,"You wanted to work with,"
0:43:08,0:43:10,Joe,"or you were like setting up with her at one point, right?"
0:43:10,0:43:13,Belén,"Yeah, but she, she wanted,"
0:43:13,0:43:15,Belén,"she wanted my help to do the setup,"
0:43:15,0:43:18,Belén,but she wanted to do the recording with you.
0:43:18,0:43:19,Belén,That was the plan.
0:43:19,0:43:20,Belén,I had an assistant.
0:43:20,0:43:21,Belén,I was just your assistant.
0:43:21,0:43:22,Belén,I had an assistant.
0:43:22,0:43:23,Joe,I had an assistant.
0:43:23,0:43:25,Belén,"Yeah, it was like the."
0:43:25,0:43:28,Belén,Set it up for me so I can go work with Joe.
0:43:28,0:43:29,Belén,The stage assistant.
0:43:29,0:43:32,Andrea,"Tomorrow we will have the second graders,"
0:43:32,0:43:35,Andrea,"and some of the third graders don't do,"
0:43:35,0:43:39,Andrea,so we should think what we can do with them
0:43:40,0:43:41,Andrea,"for the entire hour,"
0:43:41,0:43:44,Andrea,because we don't have the iPads to do the music.
0:43:45,0:43:48,Belén,"Well, some of them, especially Kelsey,"
0:43:48,0:43:51,Belén,"has been asking me to work with the other play,"
0:43:51,0:43:52,Belén,the one that dries out.
0:43:53,0:43:58,Belén,"So we have that, and she really wanted,"
0:44:00,0:44:04,Belén,I know that she and Kaylee both want to do that.
0:44:04,0:44:07,Belén,"Maybe we can do that, something that they play."
0:44:07,0:44:09,Joe,"Just write like a few prompts,"
0:44:09,0:44:11,Joe,but also do whatever you'd like.
0:44:12,0:44:15,Joe,"Do a self-portrait, a figurine of yourself."
0:44:16,0:44:18,Paulina,"I know that these second graders,"
0:44:18,0:44:20,Paulina,"we've been working a lot with high quality work,"
0:44:20,0:44:22,Paulina,so that's been one of our values
0:44:22,0:44:23,Paulina,"throughout these couple weeks,"
0:44:23,0:44:25,Paulina,"because we're getting ready to,"
0:44:26,0:44:28,Paulina,"doing products for expeditions,"
0:44:28,0:44:31,Paulina,"so high quality work, high quality work."
0:44:31,0:44:32,Paulina,"So you can always call them on it,"
0:44:32,0:44:35,Paulina,"because I know, like the other day,"
0:44:35,0:44:38,Paulina,"I called a student, and she did her final draft."
0:44:39,0:44:42,Paulina,"It was not as good, or worse,"
0:44:42,0:44:45,Paulina,"like it was really good, the first draft was really good."
0:44:45,0:44:46,Paulina,And then you can tell she rushed
0:44:46,0:44:48,Paulina,"to just finish her final draft,"
0:44:48,0:44:51,Paulina,"and I'm like, I mean, is this your best work?"
0:44:51,0:44:52,Paulina,Is this high quality work?
0:44:52,0:44:54,Paulina,And she didn't want to do it.
0:44:54,0:44:57,Paulina,"I'm like, if you tell me this is your best work,"
0:44:57,0:44:58,Paulina,I'll leave it at that.
0:44:58,0:45:00,Paulina,"You tell me, is this the best that you can do?"
0:45:00,0:45:04,Paulina,Is this the best high quality work you can do as an actor?
0:45:04,0:45:07,Paulina,"She was kind of mad, but she could not say yes."
0:45:07,0:45:10,Paulina,"So I said, I'm just gonna leave it here."
0:45:10,0:45:12,Paulina,"I know you're reading, you decide."
0:45:12,0:45:14,Paulina,"I'm just, wanna put it out there."
0:45:14,0:45:15,Paulina,This is really awesome.
0:45:15,0:45:18,Paulina,Do you feel like this is just as awesome?
0:45:18,0:45:22,Paulina,"If you tell me yes, I'm walking away, like you decide."
0:45:22,0:45:25,Paulina,"And I walk away and turn around, she was like,"
0:45:25,0:45:26,Paulina,"this is amazing, wow."
0:45:26,0:45:30,Paulina,"So, you know, they'll try to,"
0:45:30,0:45:33,Paulina,"especially as they wanna finish, finish, finish,"
0:45:33,0:45:35,Paulina,"like so much of this is part of the process,"
0:45:35,0:45:39,Paulina,"and even going from the detail of the drawing to the play,"
0:45:39,0:45:41,Paulina,"I feel like it's so valuable to,"
0:45:41,0:45:43,Paulina,"that's part of the learning too, right?"
0:45:43,0:45:46,Paulina,Like this medium serves this purpose.
0:45:46,0:45:48,Paulina,This is what you can do with this other medium
0:45:48,0:45:53,Paulina,"of expression, and like, learning those things."
0:45:53,0:45:56,Patricia,"Yeah, you can not do the same thing with both mediums."
0:45:56,0:46:00,Joe,"Yeah, I wish I had known the wording of high quality work,"
0:46:00,0:46:02,Joe,"because today with the,"
0:46:02,0:46:05,Belén,it will be very helpful.
0:46:05,0:46:07,Joe,"We're like laying on the ground, like doing other things"
0:46:07,0:46:09,Joe,while Isabelle finished their work.
0:46:09,0:46:12,Paulina,"You would, please call them an integrity, perseverance,"
0:46:12,0:46:13,Paulina,and high quality work.
0:46:13,0:46:15,Patricia,That's like the values in this.
0:46:15,0:46:17,Angela,They can do it again tomorrow.
0:46:17,0:46:17,Joe,Yeah.
0:46:17,0:46:18,Joe,Kept their stuff.
0:46:18,0:46:19,Joe,"Well, I'll do other ones."
0:46:19,0:46:20,Joe,I think we should do it from our side.
0:46:20,0:46:22,Patricia,"Yeah, I think we should, I mean,"
0:46:22,0:46:25,Patricia,"the ones, if we know who is finished,"
0:46:25,0:46:28,Patricia,"like they have something, they're happy with that,"
0:46:28,0:46:31,Patricia,"yeah, we have to add the voice and the music"
0:46:32,0:46:35,Patricia,but could we place them all in one table with one adult?
0:46:36,0:46:40,Patricia,"And maybe do something that they show on Tuesday,"
0:46:40,0:46:44,Patricia,"either, I don't know if we want them to do the self portrait"
0:46:45,0:46:48,Patricia,or explain what the movie is about
0:46:48,0:46:50,Patricia,"so that they're ready to share that Wednesday,"
0:46:50,0:46:52,Patricia,"I mean, with the parents."
0:46:52,0:46:54,Joe,"Like an hour, like a couple of quarters."
0:46:54,0:46:58,Patricia,Or a drawing of how they went through this
0:46:58,0:46:59,Patricia,or what's the message they were trying to communicate
0:46:59,0:47:02,Patricia,"or what they learned as they,"
0:47:02,0:47:05,Patricia,"I mean, we're interested in exploring that transition"
0:47:05,0:47:07,Patricia,"from the storyboard, the drawing and writing"
0:47:07,0:47:10,Patricia,"to the clay, to the stop motion."
0:47:10,0:47:12,Patricia,"So maybe, would they be interested in?"
0:47:12,0:47:14,Joe,"And be like, do you feel like,"
0:47:14,0:47:17,Joe,or ask them a few questions about
0:47:17,0:47:18,Joe,how they feel the transition.
0:47:18,0:47:21,Patricia,"Yeah, something that was one adult guiding."
0:47:21,0:47:24,Patricia,Because some of them are semi-finished.
0:47:24,0:47:25,Patricia,"I mean, they need the other step"
0:47:25,0:47:27,Patricia,but I'm afraid that that is also one-on-one
0:47:27,0:47:30,Patricia,"with one adult, a computer to add the voice"
0:47:30,0:47:31,Patricia,"and tomorrow you don't have,"
0:47:31,0:47:33,Patricia,we can do that on Tuesday maybe.
0:47:33,0:47:35,Paulina,What if they wrote a little card?
0:47:35,0:47:36,Paulina,"Almost like a,"
0:47:36,0:47:37,Patricia,An index card.
0:47:37,0:47:39,Paulina,"How to go with this, like, we just did that"
0:47:39,0:47:40,Paulina,but also they have to present their work
0:47:40,0:47:42,Paulina,so they have to write a sentence.
0:47:42,0:47:43,Patricia,"The title on the, yeah."
0:47:43,0:47:45,Patricia,Prepare what they're gonna say
0:47:45,0:47:46,Patricia,when we show their movie.
0:47:46,0:47:48,Paulina,"Yeah, like a presentation, kind of,"
0:47:48,0:47:49,Paulina,no cards or something.
0:47:49,0:47:53,Paulina,So then also type the movie they received back into the.
0:47:53,0:47:56,Patricia,And that is a moment to also hear
0:47:56,0:47:59,Patricia,kind of the meta-level of what they wanted to say
0:47:59,0:48:04,Patricia,with this movie and how they see this process came out.
0:48:04,0:48:06,Patricia,What is missing?
0:48:06,0:48:10,Angela,What they have to change because what didn't work.
0:48:10,0:48:12,Patricia,"Yeah, it's a very valuable moment."
0:48:12,0:48:13,Patricia,"Now, we've been so busy, right,"
0:48:13,0:48:16,Patricia,"creating this, moving them through this process."
0:48:16,0:48:17,Patricia,So now let's sit down.
0:48:18,0:48:21,Patricia,I don't know if Cristina might be interested in that.
0:48:21,0:48:25,Patricia,If Jeremy is in that table too.
0:48:25,0:48:28,Patricia,Although he should have also a movie of some kind.
0:48:28,0:48:30,Patricia,"Even if it's him reading,"
0:48:30,0:48:32,Patricia,capture photographs of him reading
0:48:32,0:48:35,Patricia,and turning the pages even.
0:48:35,0:48:37,Patricia,"If he's happy with that, as long as he feels comfortable."
0:48:37,0:48:39,Joe,He didn't like the photo that was put
0:48:39,0:48:41,Joe,on the flyer today of him reading.
0:48:41,0:48:42,Patricia,He didn't?
0:48:42,0:48:42,Joe,He didn't like it.
0:48:42,0:48:44,Angela,"No, he said he didn't like it."
0:48:44,0:48:45,Joe,"Yeah, but then he looked at it closely."
0:48:45,0:48:47,Angela,"He did, he's so cute."
0:48:47,0:48:48,Paulina,He said he didn't like it.
0:48:48,0:48:50,Angela,He said it but he liked it.
0:48:50,0:48:52,Angela,"Because when everyone else is like,"
0:48:52,0:48:53,Angela,"I'm here, I'm here, I'm not here."
0:48:53,0:48:55,Angela,"He said, oh, but I'm here too."
0:48:55,0:48:56,Angela,And then everyone else.
0:48:56,0:48:57,Joe,Maybe he just wanted to apologize.
0:48:57,0:48:58,Patricia,"He's like, you're learning."
0:48:58,0:49:00,Patricia,This shows you're learning.
0:49:00,0:49:01,Patricia,"He's like, it's a fail."
0:49:01,0:49:02,Patricia,Better on that.
0:49:03,0:49:04,Patricia,"Yeah, I know."
0:49:04,0:49:05,Patricia,Estaba dibujando a Mario.
0:49:05,0:49:06,Patricia,Suspicious.
0:49:06,0:49:08,Patricia,"That we've done a lot of work of saying,"
0:49:08,0:49:09,Patricia,"you know, we are learning."
0:49:09,0:49:11,Patricia,"This is hard work and we seriously,"
0:49:11,0:49:15,Patricia,"it's not like other two schools,"
0:49:15,0:49:17,Patricia,"they just play, which is fine too."
0:49:17,0:49:19,Patricia,They go to the park and they do homework.
0:49:19,0:49:21,Patricia,But here we actually continue to learn.
0:49:22,0:49:24,Patricia,So that's persistency.
0:49:25,0:49:27,Patricia,That's one idea.
0:49:27,0:49:30,Patricia,Because we need to help the ones that have nothing.
0:49:30,0:49:31,Patricia,So produce something for next week.
0:49:31,0:49:34,Belén,I have an activity I'm going to share on WhatsApp.
0:49:34,0:49:36,Belén,It's a short activity.
0:49:37,0:49:38,Patricia,For tomorrow?
0:49:38,0:49:39,Patricia,For those that are finished?
0:49:39,0:49:42,Belén,"Yeah, I will, because it's in English,"
0:49:42,0:49:44,Belén,so I'm going to put it in Spanish for them.
0:49:44,0:49:47,Belén,But it's kind of like a very short poem
0:49:47,0:49:48,Belén,that they have to complete.
0:49:48,0:49:50,Belén,"That they have the prompt,"
0:49:50,0:49:52,Angela,Oh and they just finish the prompt.
0:49:52,0:49:54,Belén,Related to the movie.
0:49:54,0:49:55,Belén,So it doesn't matter.
0:49:55,0:49:56,Belén,"Yeah, like my name is,"
0:49:56,0:49:57,Belén,"mi nombre es,"
0:49:57,0:49:58,Belén,"blah, blah, blah."
0:49:58,0:50:01,Belén,"And they have to write like the name,"
0:50:01,0:50:02,Belén,"un adjetivo,"
0:50:02,0:50:04,Belén,"un sustantivo,"
0:50:04,0:50:06,Belén,y hacer una pregunta.
0:50:06,0:50:07,Angela,"And then they can use the clay,"
0:50:07,0:50:08,Angela,the drying clay to make something.
0:50:08,0:50:11,Angela,But maybe that can come after they like practice
0:50:11,0:50:12,Angela,whatever they need to talk about.
0:50:12,0:50:13,Angela,Yeah.
0:50:13,0:50:14,Angela,Have a title for their.
0:50:14,0:50:15,Angela,They might have time for both.
0:50:15,0:50:19,Belén,Porque Keisha estaba diciendo que para la fiesta
0:50:19,0:50:21,Belén,podíamos tener como stations.
0:50:21,0:50:26,Belén,Podríamos tener un estation para mostrar cuántas cosas hemos hecho.
0:50:26,0:50:26,Angela,Yeah.
0:50:26,0:50:29,Cristina,También podemos incluir una frase
0:50:29,0:50:33,Cristina,"like a prompt them to be like,"
0:50:33,0:50:35,Cristina,"oh, when I was making my animation,"
0:50:35,0:50:38,Cristina,"I learned, you know, my name is,"
0:50:38,0:50:40,Patricia,we do want them to have something like that
0:50:40,0:50:42,Patricia,to share with their parents when they come on Wednesday.
0:50:42,0:50:43,Patricia,And we know we might not have time
0:50:43,0:50:45,Patricia,if we don't do it tomorrow.
0:50:45,0:50:45,Patricia,Yes.
0:50:45,0:50:47,Patricia,You can choose the react voice.
0:50:47,0:50:48,Patricia,Let's work that.
0:50:48,0:50:50,Patricia,I have index cards.
0:50:50,0:50:53,Patricia,"I have like different sizes and colors,"
0:50:53,0:50:53,Patricia,index cards.
0:50:53,0:50:55,Patricia,"Maybe I can give those to,"
0:50:55,0:50:56,Patricia,are you there?
0:50:56,0:50:58,Patricia,I can give them to you tomorrow.
0:50:58,0:51:00,Belén,7:30 tomorrow!
0:51:00,0:51:01,Patricia,I know...
0:51:02,0:51:04,Patricia,But that's all the time we have.
0:51:05,0:51:07,Patricia,"Jada, Hannah, how do you feel about this?"
0:51:07,0:51:10,Patricia,"Is this, are we working toward learning?"
0:51:15,0:51:19,SPEAKER_11,"Yeah, no, I was just listening, processing."
0:51:20,0:51:23,SPEAKER_11,I think the last activity
0:51:23,0:51:25,SPEAKER_11,will be like a really good extension
0:51:25,0:51:26,SPEAKER_11,"so they can like introduce, you know,"
0:51:26,0:51:28,SPEAKER_11,what they have to say to the parents.
0:51:30,0:51:32,SPEAKER_11,"I guess my question is,"
0:51:33,0:51:36,SPEAKER_11,are they also gonna talk about like the process
0:51:36,0:51:37,SPEAKER_11,"or is it just like, yeah,"
0:51:37,0:51:41,SPEAKER_11,"they will talk about the process of like what they,"
0:51:41,0:51:42,SPEAKER_11,what did you say?
0:51:42,0:51:42,Joe,We were just mentioning something about that.
0:51:42,0:51:44,Joe,I don't know if that was gonna be part of it.
0:51:44,0:51:46,Angela,The challenges with being a dad.
0:51:46,0:51:49,Patricia,From the storyboard to the actual play.
0:51:49,0:51:50,SPEAKER_11,Oh.
0:51:51,0:51:53,Patricia,"Because that's a reading,"
0:51:53,0:51:55,Patricia,we had this reading and that researcher
0:51:55,0:51:59,Patricia,was focusing on that process with very young children.
0:51:59,0:52:00,Patricia,I can send that to you.
0:52:03,0:52:04,Patricia,"Yeah, but planning for something"
0:52:04,0:52:06,Patricia,"because the last times that the parents came,"
0:52:06,0:52:07,Patricia,"it was more spontaneous,"
0:52:07,0:52:09,Patricia,but maybe this time we can plan for it
0:52:09,0:52:11,Patricia,and we can write.
0:52:11,0:52:12,Patricia,"And that will be data for us,"
0:52:12,0:52:14,Patricia,like how they see that process.
0:52:14,0:52:15,Patricia,They mentioned they will.
0:52:15,0:52:16,Paulina,It can be like an interview.
0:52:16,0:52:17,Paulina,"Just telling them like if not,"
0:52:17,0:52:19,Paulina,you can interview the children about the program
0:52:19,0:52:20,Paulina,and their process.
0:52:20,0:52:22,Paulina,"Also, that would be a good thing for the parents"
0:52:22,0:52:26,Paulina,to see somebody talk from kids' perspectives
0:52:26,0:52:27,Paulina,about the program.
0:52:27,0:52:28,Patricia,Mm-hmm.
0:52:29,0:52:32,Patricia,Who might want to guide that group tomorrow?
0:52:33,0:52:34,Patricia,You want to decide in the WhatsApp?
0:52:34,0:52:35,Patricia,Yeah.
0:52:39,0:52:40,Joe,"Yeah, I think we should."
0:52:40,0:52:41,Joe,We should record the group.
0:52:41,0:52:42,Cristina,That's what Andrea said.
0:52:42,0:52:42,Cristina,We should record.
0:52:42,0:52:46,Andrea,We can do the interview and record them.
0:52:46,0:52:48,Joe,Do we have enough people to do two tables
0:52:48,0:52:50,Joe,with that activity?
0:52:50,0:52:51,Patricia,Of finished people?
0:52:51,0:52:52,Patricia,We have that many people.
0:52:52,0:52:53,Joe,"No, because I feel like today was."
0:52:53,0:52:54,Cristina,Yeah.
0:52:54,0:52:56,Joe,How many people were running the animation stations today
0:52:56,0:52:57,Joe,with me?
0:52:57,0:53:02,Belén,I gave my phone to Isabel and the iPad to provide.
0:53:02,0:53:04,Joe,"Yeah, I was monitoring Isabel."
0:53:04,0:53:05,Andrea,We can do it.
0:53:05,0:53:06,Andrea,Cristina and I can do it.
0:53:06,0:53:07,Patricia,"Okay, cool."
0:53:07,0:53:08,Patricia,The two activities.
0:53:08,0:53:09,Patricia,Thank you.
0:53:09,0:53:10,Patricia,Awesome.
0:53:10,0:53:11,Angela,Beautiful.
0:53:12,0:53:12,Angela,How many?
0:53:12,0:53:13,Angela,We have a lot left.
0:53:13,0:53:15,Joe,I feel we're like halfway.
0:53:15,0:53:15,Belén,Yeah.
0:53:15,0:53:18,Andrea,I feel like less.
0:53:18,0:53:20,Andrea,The thing is many of them were not here.
0:53:20,0:53:21,Angela,That's why.
0:53:21,0:53:24,Belén,"Yeah, and some of them, for example,"
0:53:24,0:53:27,Belén,"Janina and Yarin, they left earlier,"
0:53:27,0:53:28,Belén,but then they were back.
0:53:28,0:53:29,Belén,Yeah.
0:53:29,0:53:30,Belén,So I didn't get that part.
0:53:30,0:53:31,Paulina,But one of them is done.
0:53:31,0:53:33,Joe,"Yeah, but the other."
0:53:33,0:53:34,Joe,Yeah.
0:53:34,0:53:35,Joe,Hers is really cool.
0:53:35,0:53:36,Joe,I really want her to finish hers.
0:53:36,0:53:37,Belén,"Yeah, but you know what?"
0:53:37,0:53:40,Belén,She doesn't really get the part that they.
0:53:41,0:53:45,Belén,"Yeah, she's doing kind of a ghosty figure."
0:53:45,0:53:47,Belén,You have to see it to the...
0:53:47,0:53:48,Belén,"Yeah, but she wanted."
0:53:48,0:53:50,Belén,I am sending it to the.
0:53:50,0:53:53,Belén,"She wanted this way, but she's doing it this way."
0:53:53,0:53:54,Joe,Okay.
0:53:54,0:53:55,Patricia,"Hannah, sorry."
0:53:55,0:53:56,Patricia,Any final comments?
0:53:56,0:53:57,Patricia,I'm sorry.
0:53:57,0:53:57,Hannah,That you're.
0:53:57,0:53:58,Hannah,"Oh, no."
0:53:58,0:53:59,Patricia,That's fine.
0:53:59,0:54:00,Patricia,Maybe tomorrow.
0:54:00,0:54:02,Patricia,We run out of time.
0:54:02,0:54:03,Patricia,Thank you so much.
0:54:03,0:54:04,Patricia,Bye bye.
